player,position,age,team,game,game-starts,minutes-per-game,field-goals,field-goal-attempts,field-point-percent,three-points,three-point-attempts,three-point-percent,two-points,two-point-attempts,two-point-percent,e-field-goal-percent,free-throws,free-throw-attempts,free-throw-percent,offensive-rebounds,defensive-rebounds,total-rebounds,assists,steals,blocks,turnover,personal-fouls,points-per-game,year
Shai Gilgeous-Alexander,PG,26,OKC,44,44,34.4,11.3,21.4,0.528,2.0,5.7,0.351,9.3,15.7,0.592,0.574,7.5,8.3,0.906,0.9,4.4,5.3,6.0,2.1,1.1,2.7,2.2,32.1,2025
Giannis Antetokounmpo,PF,30,MIL,38,38,34.8,12.6,20.8,0.605,0.1,0.7,0.143,12.4,20.0,0.622,0.607,6.3,10.8,0.585,2.2,10.0,12.2,5.9,0.8,1.4,3.4,2.4,31.5,2025
Nikola Jokić,C,29,DEN,40,40,36.4,11.5,20.1,0.57,2.0,4.3,0.474,9.4,15.8,0.597,0.621,5.1,6.3,0.812,3.3,9.8,13.1,10.2,1.8,0.7,3.1,2.0,30.0,2025
LaMelo Ball,PG,23,CHO,31,31,33.3,9.7,23.3,0.419,4.1,12.3,0.337,5.6,11.0,0.51,0.508,4.5,5.5,0.82,1.0,4.3,5.3,7.3,1.4,0.3,3.7,3.5,28.2,2025
Luka Dončić,PG,25,DAL,22,22,35.7,9.8,21.2,0.464,3.4,9.6,0.354,6.4,11.5,0.555,0.544,5.1,6.6,0.767,0.7,7.6,8.3,7.8,2.0,0.4,3.4,2.6,28.1,2025
Kevin Durant,PF,36,PHO,35,35,36.1,9.8,18.7,0.523,2.3,5.7,0.398,7.5,13.0,0.578,0.584,5.2,6.3,0.832,0.5,5.9,6.4,4.1,0.8,1.3,3.1,1.7,27.1,2025
Jayson Tatum,PF,26,BOS,44,44,36.4,9.0,19.9,0.453,3.6,10.2,0.35,5.5,9.8,0.559,0.542,5.3,6.6,0.801,0.6,8.4,9.0,5.5,1.3,0.5,2.8,2.3,26.9,2025
Tyrese Maxey,PG,24,PHI,37,37,37.9,9.2,21.4,0.432,3.3,9.6,0.339,5.9,11.7,0.508,0.508,4.9,5.7,0.863,0.2,3.2,3.5,6.0,2.0,0.4,2.4,2.2,26.6,2025
Anthony Davis,C,31,LAL,41,41,34.9,9.7,18.4,0.527,0.7,2.3,0.298,9.0,16.1,0.56,0.546,6.2,7.8,0.788,2.9,9.3,12.1,3.4,1.3,2.2,2.2,2.0,26.3,2025
Anthony Edwards,SG,23,MIN,46,46,36.6,9.0,20.3,0.442,4.1,9.8,0.419,4.8,10.5,0.463,0.543,4.2,5.1,0.826,0.8,4.9,5.7,4.4,1.2,0.5,3.3,1.9,26.3,2025
Jalen Brunson,PG,28,NYK,46,46,35.1,8.9,18.3,0.488,2.4,5.9,0.403,6.5,12.3,0.529,0.554,5.6,6.9,0.813,0.4,2.4,2.9,7.4,0.9,0.0,2.3,2.2,25.8,2025
Devin Booker,SG,28,PHO,40,40,36.9,8.3,18.9,0.441,2.7,7.8,0.342,5.7,11.1,0.511,0.512,6.2,6.9,0.895,1.0,3.0,4.0,6.7,1.2,0.3,2.4,2.3,25.5,2025
Damian Lillard,PG,34,MIL,37,37,36.3,7.9,17.4,0.453,3.5,9.0,0.383,4.4,8.3,0.529,0.553,6.3,6.8,0.921,0.5,4.2,4.7,7.3,1.2,0.2,2.9,1.8,25.5,2025
De'Aaron Fox,PG,27,SAC,43,43,37.2,9.3,19.8,0.468,2.0,6.3,0.324,7.2,13.5,0.536,0.52,4.6,5.6,0.826,1.0,3.9,5.0,6.2,1.5,0.5,3.0,2.7,25.2,2025
Karl-Anthony Towns,C,29,NYK,42,42,34.6,9.0,16.6,0.54,2.0,4.7,0.432,6.9,11.8,0.584,0.602,4.9,5.9,0.841,3.1,10.7,13.8,3.4,1.0,0.8,2.6,3.4,24.9,2025
Cade Cunningham,PG,23,DET,42,42,35.6,9.3,20.6,0.452,2.3,6.4,0.363,7.0,14.3,0.492,0.508,3.8,4.6,0.825,0.9,5.5,6.4,9.4,0.9,0.8,4.6,2.7,24.8,2025
Cam Thomas,SG,23,BRK,19,17,32.3,7.9,17.7,0.448,2.8,7.6,0.375,5.1,10.2,0.503,0.528,5.9,6.8,0.876,0.5,3.1,3.6,3.4,0.7,0.1,2.7,1.9,24.7,2025
Franz Wagner,SF,23,ORL,28,28,33.0,8.9,19.3,0.462,2.0,6.4,0.317,6.9,12.8,0.535,0.515,4.9,5.6,0.872,0.9,4.7,5.6,5.4,1.5,0.5,2.5,2.3,24.7,2025
Victor Wembanyama,C,21,SAS,38,38,33.2,9.0,18.9,0.476,3.2,9.1,0.353,5.8,9.8,0.591,0.561,3.3,3.9,0.844,1.7,9.1,10.8,3.7,1.1,3.9,3.5,2.1,24.5,2025
Joel Embiid,C,30,PHI,13,13,29.5,7.6,16.8,0.452,1.2,3.8,0.327,6.4,13.1,0.488,0.489,7.9,8.6,0.92,1.7,6.2,7.9,3.8,0.8,1.0,3.2,2.2,24.4,2025
Tyler Herro,SG,25,MIA,44,44,35.5,8.4,17.6,0.474,3.9,9.7,0.4,4.5,7.9,0.564,0.584,3.5,4.0,0.871,0.3,5.3,5.6,5.4,0.7,0.1,2.5,1.4,24.1,2025
Kyrie Irving,SG,32,DAL,37,37,35.8,8.9,18.4,0.482,2.9,7.0,0.422,5.9,11.4,0.519,0.563,3.5,3.8,0.901,1.0,3.5,4.5,4.9,1.2,0.4,2.3,2.2,24.1,2025
Zach LaVine,SF,29,CHI,42,42,34.1,8.6,16.9,0.511,3.2,7.3,0.446,5.4,9.6,0.56,0.607,3.5,4.3,0.797,0.3,4.5,4.8,4.5,0.9,0.2,2.9,1.5,24.0,2025
Paolo Banchero,PF,22,ORL,14,14,33.6,8.1,18.4,0.438,1.9,5.6,0.346,6.1,12.9,0.478,0.49,5.9,9.1,0.646,1.4,6.5,7.9,4.9,0.6,0.8,3.4,2.2,23.9,2025
Norman Powell,SG,31,LAC,38,38,33.1,8.3,16.9,0.491,3.4,7.9,0.434,4.8,8.9,0.543,0.594,3.9,4.6,0.841,0.4,3.2,3.5,2.2,1.4,0.2,2.1,1.9,23.9,2025
Donovan Mitchell,SG,28,CLE,44,44,31.4,8.3,18.6,0.444,3.7,9.2,0.397,4.6,9.4,0.492,0.543,3.5,4.2,0.832,0.7,3.7,4.4,4.6,1.4,0.2,2.0,2.0,23.7,2025
LeBron James,SF,40,LAL,41,41,34.9,9.2,18.0,0.51,2.1,5.5,0.383,7.1,12.5,0.566,0.569,3.1,4.1,0.757,0.9,6.7,7.6,9.0,0.9,0.6,3.8,1.3,23.6,2025
Zion Williamson,PF,24,NOP,12,12,28.5,8.8,17.3,0.512,0.2,0.8,0.2,8.7,16.4,0.528,0.517,5.3,8.4,0.634,3.1,5.3,8.3,4.8,1.1,1.3,3.4,3.1,23.2,2025
Jaylen Brown,SF,28,BOS,40,40,35.5,8.5,18.9,0.451,2.0,6.3,0.32,6.5,12.7,0.516,0.504,4.1,5.5,0.744,1.5,4.5,6.0,4.8,1.3,0.3,2.7,2.5,23.1,2025
Jaren Jackson Jr.,C,25,MEM,45,45,29.5,8.3,16.7,0.499,1.8,5.2,0.355,6.5,11.5,0.565,0.555,4.3,5.5,0.782,1.5,4.7,6.2,2.1,1.4,1.6,2.2,3.3,22.8,2025
Trae Young,PG,26,ATL,42,42,36.1,7.0,17.3,0.401,2.9,8.4,0.345,4.0,8.9,0.455,0.485,6.0,7.0,0.853,0.5,2.8,3.4,11.5,1.3,0.2,4.6,2.0,22.8,2025
Stephen Curry,PG,36,GSW,37,37,31.7,7.5,17.0,0.443,4.3,10.6,0.403,3.2,6.4,0.508,0.568,3.0,3.2,0.933,0.5,4.2,4.8,6.4,1.1,0.5,3.0,1.2,22.3,2025
Brandon Ingram,SF,27,NOP,18,18,33.1,8.6,18.5,0.465,2.4,6.4,0.374,6.2,12.1,0.514,0.53,2.6,3.1,0.855,0.9,4.6,5.6,5.2,0.9,0.6,3.8,2.5,22.2,2025
RJ Barrett,SF,24,TOR,38,38,33.5,8.2,17.4,0.47,1.9,5.3,0.35,6.3,12.1,0.524,0.524,3.7,5.6,0.67,1.0,5.7,6.7,5.8,0.8,0.3,3.1,2.4,22.0,2025
CJ McCollum,PG,33,NOP,34,34,33.4,8.2,18.3,0.449,3.1,8.3,0.371,5.1,10.0,0.515,0.534,2.4,3.4,0.701,0.7,3.0,3.7,3.8,0.8,0.6,1.7,2.4,22.0,2025
DeMar DeRozan,SF,35,SAC,41,41,35.9,8.1,16.6,0.487,0.9,2.6,0.324,7.2,14.0,0.517,0.513,4.7,5.4,0.864,0.5,3.3,3.8,3.6,1.2,0.4,1.4,2.0,21.7,2025
Darius Garland,PG,25,CLE,45,45,30.4,7.8,15.6,0.499,3.0,7.0,0.425,4.8,8.6,0.56,0.595,3.2,3.6,0.883,0.6,2.0,2.5,6.8,1.1,0.2,2.4,2.0,21.7,2025
James Harden,PG,35,LAC,43,43,33.7,6.3,15.9,0.398,2.9,8.3,0.348,3.4,7.6,0.451,0.488,6.2,6.9,0.896,0.6,5.3,5.9,8.3,1.4,0.6,4.6,2.1,21.7,2025
Jalen Green,SG,22,HOU,45,45,32.8,7.4,17.2,0.429,2.9,8.0,0.359,4.5,9.2,0.489,0.512,3.6,4.1,0.871,0.5,3.7,4.3,2.8,0.9,0.3,2.4,1.7,21.2,2025
Trey Murphy III,SF,24,NOP,31,29,35.1,7.0,15.8,0.445,3.0,8.5,0.35,4.1,7.3,0.555,0.539,4.1,4.6,0.889,1.0,4.1,5.1,3.0,1.2,0.8,1.6,2.4,21.2,2025
Jordan Poole,SG,25,WAS,38,38,31.2,6.9,16.2,0.423,3.7,9.3,0.401,3.2,7.0,0.453,0.537,3.8,4.3,0.867,0.5,2.6,3.1,5.0,1.6,0.4,3.4,3.2,21.2,2025
Brandon Miller,SF,22,CHO,27,27,34.2,7.3,18.2,0.403,3.9,10.9,0.355,3.5,7.3,0.475,0.509,2.5,2.9,0.861,0.9,3.9,4.9,3.6,1.1,0.7,2.8,2.7,21.0,2025
Domantas Sabonis,C,28,SAC,43,43,36.2,8.3,13.6,0.609,1.2,2.4,0.481,7.1,11.2,0.637,0.652,3.3,4.3,0.766,4.0,10.6,14.6,6.5,0.6,0.4,3.1,3.6,21.0,2025
Jalen Williams,SG,23,OKC,44,44,32.8,8.1,17.0,0.475,1.7,5.0,0.347,6.3,12.0,0.528,0.526,3.2,4.0,0.79,0.8,4.8,5.5,5.2,1.8,0.8,2.3,2.5,21.0,2025
Ja Morant,PG,25,MEM,28,28,28.4,7.0,15.6,0.445,1.5,4.8,0.306,5.5,10.9,0.507,0.492,4.9,6.1,0.812,0.6,3.5,4.2,7.5,1.3,0.3,3.9,1.8,20.3,2025
Scottie Barnes,PF,23,TOR,33,33,34.8,7.6,16.7,0.457,1.4,5.1,0.272,6.2,11.6,0.538,0.498,3.5,4.6,0.757,1.7,6.5,8.2,6.6,1.5,0.9,3.2,2.1,20.2,2025
Pascal Siakam,PF,30,IND,45,45,33.2,7.8,14.8,0.526,1.7,4.2,0.413,6.1,10.6,0.571,0.585,2.8,3.8,0.743,1.8,5.6,7.4,3.4,0.9,0.4,1.3,2.6,20.2,2025
Nikola Vučević,C,34,CHI,46,46,32.4,8.2,15.0,0.549,1.9,4.7,0.398,6.4,10.3,0.618,0.612,1.8,2.2,0.82,2.4,7.9,10.3,3.5,0.9,0.7,1.6,2.4,20.1,2025
Jamal Murray,PG,27,DEN,40,40,36.0,7.4,16.2,0.454,2.1,5.7,0.372,5.3,10.5,0.499,0.519,3.0,3.5,0.864,0.6,3.5,4.0,6.0,1.5,0.6,2.3,1.7,19.8,2025
Lauri Markkanen,PF,27,UTA,34,34,31.8,6.4,14.9,0.426,3.0,8.5,0.348,3.4,6.4,0.53,0.526,4.0,4.6,0.873,1.7,4.4,6.1,1.8,0.8,0.3,1.4,1.7,19.7,2025
Cameron Johnson,PF,28,BRK,35,35,32.3,6.5,13.1,0.491,3.2,7.6,0.419,3.3,5.5,0.591,0.613,3.3,3.7,0.898,0.7,3.3,4.1,2.9,0.8,0.5,1.7,1.8,19.4,2025
De'Andre Hunter,SF,27,ATL,32,2,28.3,6.2,13.4,0.463,2.7,6.6,0.403,3.6,6.8,0.521,0.562,4.1,4.8,0.857,0.6,3.0,3.7,1.5,0.8,0.1,1.5,2.4,19.2,2025
Alperen Şengün,C,22,HOU,45,45,31.4,7.6,15.6,0.489,0.3,1.4,0.231,7.3,14.1,0.516,0.5,3.6,5.1,0.703,3.4,6.9,10.4,5.1,1.3,0.8,2.4,2.8,19.2,2025
Miles Bridges,PF,26,CHO,29,29,31.7,6.8,15.5,0.438,2.1,6.8,0.311,4.7,8.8,0.535,0.506,3.2,3.7,0.877,0.9,6.4,7.3,3.7,0.7,0.6,2.1,1.6,18.9,2025
Jalen Johnson,SF,23,ATL,36,36,35.7,7.5,15.1,0.5,1.2,3.9,0.312,6.3,11.1,0.566,0.541,2.6,3.5,0.746,1.7,8.3,10.0,5.0,1.6,1.0,2.9,1.9,18.9,2025
Julius Randle,PF,30,MIN,46,46,33.0,6.6,14.1,0.466,1.5,4.7,0.329,5.0,9.4,0.535,0.521,4.2,5.2,0.812,2.2,5.1,7.3,4.5,0.7,0.2,3.0,2.6,18.9,2025
Kristaps Porziņģis,C,29,BOS,22,22,28.0,6.3,13.2,0.479,2.3,5.7,0.405,4.0,7.5,0.537,0.567,3.8,4.5,0.848,1.8,5.2,7.0,1.8,0.6,1.4,1.0,2.6,18.8,2025
Austin Reaves,SG,26,LAL,39,39,35.1,6.1,13.8,0.443,2.6,7.1,0.361,3.5,6.7,0.531,0.536,3.6,4.3,0.838,0.8,3.3,4.2,6.1,1.1,0.2,2.4,2.0,18.4,2025
Collin Sexton,SG,26,UTA,42,40,28.9,6.5,13.8,0.474,1.9,4.7,0.406,4.6,9.1,0.509,0.543,3.4,3.8,0.888,1.1,1.8,2.9,4.1,0.7,0.1,2.6,2.2,18.4,2025
Anfernee Simons,SG,25,POR,42,42,32.2,6.5,15.4,0.423,3.0,8.1,0.369,3.5,7.3,0.484,0.52,2.4,2.6,0.901,0.3,2.5,2.8,4.7,0.9,0.1,2.2,1.8,18.4,2025
Mikal Bridges,SF,28,NYK,47,47,38.4,7.5,15.1,0.497,2.4,6.7,0.36,5.1,8.3,0.609,0.578,0.9,1.2,0.75,0.9,2.2,3.1,3.3,1.0,0.5,1.6,1.4,18.3,2025
Coby White,SG,24,CHI,40,40,32.6,6.2,14.3,0.437,3.0,8.3,0.364,3.2,6.0,0.538,0.542,2.8,3.2,0.874,0.4,3.1,3.4,4.7,1.0,0.2,2.4,2.3,18.2,2025
John Collins,PF,27,UTA,28,19,29.8,6.6,12.5,0.531,1.5,3.3,0.446,5.2,9.2,0.562,0.59,3.3,3.8,0.869,2.4,6.0,8.4,2.5,1.1,0.9,2.6,2.9,18.1,2025
Evan Mobley,PF,23,CLE,40,40,30.1,7.0,12.3,0.567,1.1,2.8,0.405,5.8,9.5,0.615,0.613,3.1,4.1,0.756,2.1,6.8,8.9,2.9,0.9,1.4,2.0,2.0,18.1,2025
Michael Porter Jr.,SF,26,DEN,46,46,33.2,6.8,13.4,0.511,2.6,6.3,0.41,4.3,7.1,0.601,0.608,1.8,2.5,0.724,1.6,4.8,6.4,2.2,0.6,0.4,1.3,1.8,18.1,2025
Tyrese Haliburton,PG,24,IND,44,44,34.3,6.2,13.8,0.45,2.9,8.0,0.365,3.3,5.9,0.566,0.555,2.6,3.1,0.859,0.6,2.9,3.6,8.7,1.2,0.6,1.8,1.3,18.0,2025
Malik Monk,SG,26,SAC,38,25,31.7,6.5,14.4,0.448,2.3,6.9,0.333,4.2,7.5,0.554,0.528,2.7,3.0,0.878,0.3,3.3,3.7,5.8,1.0,0.5,2.0,2.6,17.9,2025
Desmond Bane,SG,26,MEM,38,37,29.9,6.7,13.4,0.497,2.2,5.8,0.388,4.4,7.6,0.579,0.581,2.1,2.4,0.86,0.8,4.6,5.4,5.5,1.3,0.4,2.5,2.4,17.7,2025
Jaden Ivey,SG,22,DET,30,30,29.9,6.3,13.8,0.46,2.1,5.1,0.409,4.2,8.6,0.49,0.536,2.8,3.9,0.733,1.3,2.8,4.1,4.0,0.9,0.4,3.0,2.2,17.6,2025
Dejounte Murray,PG,28,NOP,29,29,33.5,6.3,16.2,0.389,1.7,5.8,0.293,4.6,10.5,0.441,0.441,3.3,4.1,0.814,0.5,6.0,6.6,7.7,2.2,0.4,3.4,2.0,17.6,2025
Shaedon Sharpe,SG,21,POR,38,31,31.0,6.5,14.6,0.443,1.9,6.1,0.31,4.6,8.5,0.539,0.508,2.5,3.2,0.792,0.7,3.3,4.0,2.5,0.8,0.3,2.0,1.9,17.3,2025
Paul George,PF,34,PHI,30,30,32.0,6.3,14.6,0.429,2.4,6.7,0.365,3.8,7.9,0.483,0.513,2.2,2.6,0.823,0.7,5.0,5.6,4.7,1.7,0.4,2.7,2.5,17.1,2025
Andrew Wiggins,SF,29,GSW,39,39,29.7,6.0,13.3,0.448,2.2,5.7,0.378,3.8,7.6,0.5,0.529,3.0,3.8,0.796,1.5,3.2,4.6,2.3,0.9,0.7,1.3,1.7,17.1,2025
Jimmy Butler,PF,35,MIA,25,25,30.6,5.7,10.5,0.54,0.5,1.4,0.361,5.2,9.1,0.568,0.565,5.2,6.4,0.801,2.2,3.0,5.2,4.8,1.1,0.4,1.2,0.9,17.0,2025
Bradley Beal,SG,31,PHO,32,23,32.9,6.5,13.5,0.483,2.1,5.3,0.391,4.5,8.3,0.542,0.559,1.8,2.3,0.77,0.7,2.8,3.5,3.3,1.1,0.7,1.9,2.6,16.9,2025
Jonathan Kuminga,PF,22,GSW,32,10,26.0,6.1,13.2,0.459,1.3,3.6,0.345,4.8,9.6,0.502,0.506,3.4,5.3,0.639,1.4,3.6,5.0,2.2,0.9,0.6,1.6,1.9,16.8,2025
Chet Holmgren,C,22,OKC,10,10,26.5,5.6,11.1,0.505,1.4,3.7,0.378,4.2,7.4,0.568,0.568,3.8,4.9,0.776,1.6,7.1,8.7,2.0,0.8,2.6,2.3,1.8,16.4,2025
Bennedict Mathurin,SF,22,IND,44,39,32.1,5.8,12.4,0.471,1.5,4.3,0.364,4.3,8.1,0.527,0.533,3.2,3.9,0.821,1.3,4.7,5.9,1.9,0.7,0.4,2.1,2.6,16.4,2025
OG Anunoby,PF,27,NYK,47,47,36.6,6.1,12.9,0.476,2.0,5.8,0.351,4.1,7.1,0.578,0.555,2.0,2.5,0.805,1.3,3.5,4.8,2.1,1.5,0.9,1.3,2.3,16.3,2025
Malik Beasley,SG,28,DET,46,11,28.0,5.7,13.3,0.429,3.7,9.2,0.404,2.0,4.1,0.484,0.569,1.2,1.7,0.684,0.5,2.4,3.0,1.8,0.9,0.0,1.1,1.4,16.3,2025
Keyonte George,PG,21,UTA,34,32,31.6,5.4,14.0,0.384,2.7,7.9,0.34,2.7,6.1,0.442,0.48,2.8,3.4,0.81,0.5,3.0,3.5,5.8,0.8,0.2,2.9,1.8,16.2,2025
Immanuel Quickley,PG,25,TOR,9,9,28.4,5.3,14.1,0.378,2.2,6.4,0.345,3.1,7.7,0.406,0.457,3.3,3.6,0.938,0.1,2.1,2.2,6.1,0.7,0.1,1.8,1.8,16.2,2025
Jalen Suggs,PG,23,ORL,35,35,28.6,5.6,13.7,0.41,2.2,6.9,0.314,3.5,6.8,0.506,0.489,2.8,3.1,0.882,0.7,3.4,4.0,3.7,1.5,0.9,2.9,2.8,16.2,2025
Devin Vassell,SG,24,SAS,28,17,29.8,6.0,13.6,0.442,2.4,6.2,0.382,3.7,7.5,0.493,0.529,1.8,2.3,0.781,0.7,3.0,3.8,3.1,1.2,0.6,1.7,1.6,16.2,2025
Jordan Clarkson,SG,32,UTA,23,3,25.4,5.3,13.0,0.41,2.0,5.6,0.349,3.4,7.4,0.456,0.485,3.2,4.0,0.804,0.7,2.7,3.3,3.9,0.8,0.3,2.4,1.6,15.9,2025
Derrick White,SG,30,BOS,44,44,33.6,5.5,12.6,0.433,3.3,8.8,0.37,2.2,3.8,0.581,0.563,1.7,2.0,0.833,1.0,3.4,4.4,4.1,0.9,1.2,1.6,2.0,15.9,2025
Bam Adebayo,C,27,MIA,44,44,33.7,6.1,13.3,0.46,0.7,2.4,0.274,5.4,10.8,0.501,0.485,3.0,4.1,0.726,2.5,7.5,10.0,4.5,1.4,0.8,2.1,2.2,15.8,2025
Gradey Dick,SG,21,TOR,40,40,29.8,5.4,13.0,0.415,2.3,6.5,0.346,3.1,6.5,0.484,0.502,2.7,3.1,0.885,0.7,2.6,3.3,2.1,0.8,0.2,1.6,2.4,15.7,2025
Mark Williams,C,23,CHO,20,17,24.3,6.2,10.1,0.609,0.0,0.1,0.0,6.2,10.1,0.612,0.609,3.2,4.2,0.75,3.3,6.1,9.4,2.5,0.7,1.2,1.1,2.7,15.5,2025
Myles Turner,C,28,IND,42,42,31.1,5.5,11.6,0.479,2.0,5.2,0.393,3.5,6.4,0.551,0.568,2.2,3.0,0.746,1.4,5.5,6.8,1.5,0.8,2.0,1.9,2.8,15.4,2025
Jared McCain,SG,20,PHI,23,8,25.7,5.5,11.9,0.46,2.2,5.8,0.383,3.3,6.1,0.532,0.553,2.1,2.4,0.875,0.6,1.9,2.4,2.6,0.7,0.0,1.6,1.6,15.3,2025
Fred VanVleet,PG,30,HOU,42,42,35.9,5.2,13.4,0.391,2.8,7.9,0.352,2.5,5.5,0.448,0.495,1.9,2.4,0.818,0.7,3.3,4.0,5.9,1.7,0.5,1.6,2.5,15.2,2025
Ivica Zubac,C,27,LAC,44,44,31.8,6.8,11.0,0.614,0.0,0.0,,6.8,11.0,0.614,0.614,1.6,2.8,0.569,3.8,8.8,12.6,2.5,0.7,1.2,1.8,1.9,15.1,2025
Kawhi Leonard,SF,33,LAC,8,8,23.1,6.1,12.8,0.48,1.3,4.3,0.294,4.9,8.5,0.574,0.529,1.3,1.5,0.833,0.6,2.9,3.5,1.9,1.1,0.1,1.4,0.8,14.8,2025
Dennis Schröder,SG,31,2TM,43,40,30.3,5.2,12.4,0.419,2.0,5.6,0.354,3.2,6.8,0.473,0.499,2.3,2.7,0.868,0.3,2.2,2.5,5.6,1.0,0.1,2.3,2.5,14.7,2025
Dennis Schröder,PG,31,BRK,23,23,33.6,6.4,14.1,0.452,2.5,6.5,0.387,3.9,7.6,0.509,0.542,3.1,3.5,0.889,0.2,2.8,3.0,6.6,1.1,0.2,2.6,2.4,18.4,2025
Dennis Schröder,SG,31,GSW,20,17,26.5,3.9,10.5,0.368,1.4,4.5,0.3,2.5,6.0,0.42,0.433,1.4,1.7,0.818,0.4,1.6,2.0,4.4,0.8,0.1,2.1,2.7,10.4,2025
Jerami Grant,PF,30,POR,35,35,32.4,4.7,12.4,0.38,2.4,6.3,0.379,2.3,6.1,0.381,0.476,2.9,3.4,0.842,0.5,2.9,3.5,2.2,0.8,1.1,1.4,2.3,14.7,2025
Jakob Poeltl,C,29,TOR,41,40,31.3,6.4,10.4,0.618,0.0,0.0,0.0,6.4,10.4,0.621,0.618,1.8,2.8,0.649,3.6,6.8,10.4,2.7,1.2,1.3,2.0,3.4,14.7,2025
Deni Avdija,SF,24,POR,43,25,28.7,4.9,10.5,0.466,1.5,4.3,0.344,3.4,6.2,0.551,0.537,3.3,4.3,0.768,1.3,5.2,6.5,3.5,1.1,0.6,2.4,2.2,14.6,2025
Christian Braun,SG,23,DEN,45,45,32.4,5.6,9.7,0.576,1.0,2.5,0.377,4.6,7.2,0.646,0.625,2.2,2.6,0.824,1.3,3.4,4.6,2.0,1.1,0.6,1.0,2.2,14.3,2025
Kyle Kuzma,PF,29,WAS,28,26,27.4,5.7,13.6,0.419,1.3,4.6,0.273,4.5,9.1,0.492,0.465,1.6,2.8,0.59,0.9,4.8,5.7,2.6,0.7,0.3,2.4,1.7,14.3,2025
Tre Mann,PG,23,CHO,13,0,24.5,5.4,12.4,0.435,1.8,4.6,0.4,3.5,7.8,0.455,0.509,1.5,1.6,0.905,0.9,2.0,2.9,3.0,0.5,0.3,1.9,1.8,14.1,2025
Payton Pritchard,PG,27,BOS,47,0,27.6,4.9,10.6,0.466,3.2,7.8,0.415,1.7,2.8,0.608,0.619,1.1,1.3,0.847,1.4,2.3,3.7,3.4,0.8,0.1,1.0,1.6,14.1,2025
P.J. Washington,PF,26,DAL,40,39,32.8,5.0,11.5,0.435,1.5,4.2,0.361,3.5,7.4,0.476,0.5,2.5,3.3,0.744,1.5,6.6,8.1,2.2,1.3,1.0,1.9,2.5,14.0,2025
Jarrett Allen,C,26,CLE,46,46,29.0,5.7,8.1,0.702,0.0,0.0,0.0,5.7,8.1,0.704,0.702,2.5,3.4,0.726,2.6,7.3,10.0,2.0,0.9,1.0,1.1,1.5,13.9,2025
Josh Hart,SG,29,NYK,46,46,37.6,5.3,9.5,0.555,1.2,3.3,0.357,4.1,6.2,0.662,0.618,2.2,2.6,0.818,2.3,7.5,9.8,5.7,1.5,0.4,1.9,2.7,13.9,2025
Kelly Oubre Jr.,SF,29,PHI,41,38,33.6,5.3,11.6,0.459,1.2,4.2,0.287,4.1,7.3,0.558,0.512,2.0,2.8,0.743,1.7,4.5,6.1,1.7,1.5,0.5,1.3,3.0,13.9,2025
Deandre Ayton,C,26,POR,32,32,30.0,6.5,11.4,0.568,0.2,0.9,0.2,6.3,10.5,0.601,0.577,0.6,1.0,0.606,3.0,7.2,10.2,1.5,0.8,1.0,1.7,2.1,13.8,2025
Malcolm Brogdon,PG,32,WAS,18,13,24.8,4.8,10.8,0.443,0.8,2.7,0.313,3.9,8.1,0.486,0.482,3.4,3.9,0.886,0.9,3.1,4.1,3.9,0.6,0.3,1.7,1.4,13.8,2025
Amen Thompson,SF,22,HOU,42,15,30.6,5.3,9.4,0.562,0.3,1.3,0.25,5.0,8.1,0.614,0.58,2.8,4.0,0.695,2.8,5.4,8.1,2.7,1.4,1.1,2.0,2.3,13.7,2025
Naz Reid,C,25,MIN,46,0,25.3,5.0,10.4,0.484,2.1,5.1,0.412,3.0,5.3,0.553,0.585,1.5,1.8,0.788,0.9,4.2,5.1,1.7,0.8,0.8,1.2,2.4,13.6,2025
Klay Thompson,SF,34,DAL,40,40,27.4,4.9,11.7,0.415,3.0,7.7,0.391,1.9,4.0,0.463,0.544,0.9,1.0,0.9,0.6,2.8,3.4,2.0,0.9,0.5,1.4,1.2,13.6,2025
Dyson Daniels,SG,21,ATL,41,41,33.6,5.8,12.3,0.469,1.1,3.7,0.311,4.6,8.6,0.537,0.516,0.8,1.5,0.567,1.8,3.4,5.2,3.6,3.1,0.8,1.9,2.5,13.5,2025
Dillon Brooks,SF,29,HOU,42,42,32.2,4.9,11.6,0.417,2.3,6.1,0.384,2.5,5.6,0.453,0.517,1.3,1.5,0.846,1.2,2.5,3.8,1.5,0.9,0.2,1.0,3.4,13.4,2025
Bobby Portis,PF,29,MIL,41,5,24.7,5.5,11.7,0.466,1.3,3.5,0.364,4.2,8.2,0.509,0.52,1.2,1.5,0.817,1.7,6.2,7.9,2.0,0.7,0.5,1.2,1.8,13.4,2025
D'Angelo Russell,PG,28,2TM,38,16,26.0,4.5,10.8,0.413,2.0,5.8,0.347,2.4,5.0,0.489,0.506,2.2,2.5,0.895,0.3,2.5,2.8,5.3,0.9,0.3,1.8,1.9,13.2,2025
D'Angelo Russell,PG,28,LAL,29,10,26.3,4.4,10.7,0.415,1.9,5.8,0.333,2.5,4.9,0.51,0.505,1.6,1.8,0.849,0.3,2.5,2.8,4.7,0.8,0.1,1.7,1.8,12.4,2025
D'Angelo Russell,PG,28,BRK,9,6,25.1,4.6,11.2,0.406,2.3,6.0,0.389,2.2,5.2,0.426,0.51,4.4,4.7,0.952,0.2,2.7,2.9,7.4,1.4,0.9,2.2,2.3,15.9,2025
Russell Westbrook,PG,36,DEN,46,25,27.5,5.0,10.4,0.476,1.2,3.5,0.337,3.8,6.9,0.547,0.533,2.0,3.2,0.639,1.3,3.7,5.0,6.4,1.5,0.5,3.0,2.5,13.2,2025
Jeremy Sochan,PF,21,SAS,24,19,27.9,5.1,9.7,0.528,0.5,1.7,0.3,4.6,8.0,0.575,0.554,2.1,2.9,0.729,2.7,5.3,7.9,2.5,0.9,0.6,1.9,2.3,12.9,2025
Moritz Wagner,C,27,ORL,30,1,18.8,4.7,8.3,0.562,0.9,2.5,0.36,3.8,5.8,0.649,0.616,2.6,3.7,0.718,1.3,3.6,4.9,1.4,0.8,0.4,1.6,1.8,12.9,2025
Aaron Gordon,PF,29,DEN,25,16,26.2,4.5,8.7,0.516,1.2,2.9,0.417,3.3,5.8,0.566,0.585,2.6,3.4,0.786,1.6,3.4,4.9,2.7,0.5,0.2,1.4,1.5,12.8,2025
Santi Aldama,PF,24,MEM,39,11,24.8,5.0,10.1,0.494,1.7,4.5,0.367,3.3,5.5,0.597,0.576,1.1,1.5,0.707,1.6,5.3,6.8,2.6,0.8,0.5,1.2,0.9,12.7,2025
Tobias Harris,PF,32,DET,44,44,31.9,4.8,10.8,0.441,1.3,3.9,0.345,3.4,6.9,0.495,0.503,1.8,2.0,0.865,1.0,5.2,6.1,2.4,0.8,0.8,1.2,2.0,12.6,2025
Khris Middleton,SF,33,MIL,20,7,23.5,4.7,9.5,0.489,1.4,3.8,0.368,3.3,5.7,0.57,0.563,1.8,2.1,0.833,0.3,3.7,3.9,4.8,0.8,0.2,1.6,2.3,12.5,2025
Bilal Coulibaly,SF,20,WAS,41,41,33.3,4.5,10.7,0.42,1.0,3.9,0.266,3.5,6.8,0.507,0.468,2.4,3.2,0.762,1.4,3.6,5.1,3.4,1.3,0.8,2.0,2.5,12.4,2025
Ayo Dosunmu,SG,25,CHI,36,18,30.4,4.8,9.8,0.489,1.4,4.1,0.338,3.4,5.7,0.598,0.56,1.4,1.8,0.785,0.6,3.1,3.7,4.5,0.8,0.4,1.3,2.3,12.4,2025
Daniel Gafford,C,26,DAL,45,22,21.0,5.0,7.2,0.695,0.0,0.0,,5.0,7.2,0.695,0.695,2.4,3.4,0.701,2.6,3.9,6.6,1.3,0.4,1.7,1.2,2.6,12.4,2025
Scoot Henderson,PG,20,POR,39,7,26.6,4.2,9.8,0.428,1.4,4.0,0.355,2.8,5.8,0.478,0.5,2.5,3.3,0.767,0.7,2.3,2.9,5.1,1.1,0.3,2.8,2.7,12.4,2025
Rui Hachimura,PF,26,LAL,37,37,32.0,4.6,9.4,0.487,1.5,3.6,0.41,3.1,5.8,0.535,0.566,1.5,1.9,0.775,1.6,3.6,5.3,1.5,0.9,0.5,0.9,1.8,12.2,2025
Brook Lopez,C,36,MIL,44,44,32.3,4.6,9.5,0.483,1.9,5.0,0.369,2.7,4.5,0.612,0.581,1.1,1.4,0.794,1.1,3.7,4.8,1.7,0.8,2.0,1.0,2.1,12.2,2025
Buddy Hield,SG,32,GSW,45,13,23.4,4.3,10.4,0.413,2.7,7.2,0.37,1.6,3.2,0.51,0.542,0.8,0.9,0.833,0.6,2.7,3.3,1.5,0.9,0.3,1.2,1.8,12.0,2025
Keldon Johnson,SF,25,SAS,40,0,23.9,4.5,9.8,0.461,1.1,3.7,0.288,3.5,6.2,0.563,0.514,1.9,2.5,0.77,1.3,3.6,4.9,1.4,0.6,0.3,0.9,1.4,12.0,2025
Daeqwon Plowden,SG,26,ATL,2,0,16.5,4.0,5.0,0.8,3.0,4.0,0.75,1.0,1.0,1.0,1.1,1.0,1.0,1.0,1.5,1.0,2.5,0.0,0.0,0.0,0.5,2.5,12.0,2025
Terry Rozier,PG,30,MIA,41,21,28.3,4.4,10.8,0.404,1.5,5.1,0.288,2.9,5.7,0.506,0.472,1.7,1.9,0.883,0.8,3.3,4.1,2.9,0.6,0.3,1.5,1.4,11.9,2025
Jabari Smith Jr.,PF,21,HOU,33,33,30.9,4.1,9.5,0.435,1.7,4.8,0.354,2.4,4.7,0.516,0.524,2.0,2.3,0.867,1.8,4.7,6.5,1.0,0.4,1.0,0.9,2.3,11.9,2025
Isaiah Hartenstein,C,26,OKC,25,24,29.9,5.0,8.8,0.568,0.0,0.4,0.0,5.0,8.4,0.598,0.568,1.8,2.8,0.648,2.9,9.2,12.2,4.2,0.8,1.2,2.0,2.9,11.8,2025
Keegan Murray,PF,24,SAC,43,43,35.2,4.6,10.7,0.426,1.8,5.7,0.32,2.8,5.1,0.546,0.511,0.8,1.0,0.837,2.1,5.0,7.1,1.4,0.8,0.9,0.9,2.7,11.8,2025
Harrison Barnes,PF,32,SAS,43,43,28.1,4.0,7.9,0.5,1.5,3.7,0.414,2.4,4.3,0.574,0.596,2.3,2.8,0.795,1.5,2.5,4.0,1.7,0.3,0.2,0.6,0.9,11.7,2025
Stephon Castle,PG,20,SAS,42,25,25.3,4.2,10.5,0.4,1.0,3.8,0.259,3.2,6.8,0.477,0.446,2.3,3.2,0.716,0.8,1.7,2.5,3.6,0.8,0.3,1.9,1.7,11.7,2025
Onyeka Okongwu,C,24,ATL,39,5,24.5,4.6,8.3,0.551,0.4,1.6,0.258,4.2,6.7,0.62,0.575,2.2,2.8,0.757,2.9,4.9,7.8,1.9,0.8,0.9,1.0,2.3,11.7,2025
Jonas Valančiūnas,C,32,WAS,45,8,19.6,4.8,8.6,0.564,0.2,0.6,0.28,4.7,8.0,0.583,0.573,1.9,2.1,0.895,2.4,5.7,8.1,2.2,0.5,0.6,1.8,1.9,11.7,2025
Jaylen Wells,SG,21,MEM,47,42,26.1,4.1,9.3,0.439,2.0,5.1,0.388,2.1,4.2,0.503,0.546,1.6,1.9,0.841,1.1,2.1,3.2,1.7,0.6,0.1,1.0,1.9,11.7,2025
Josh Giddey,PG,22,CHI,43,43,28.6,4.4,10.0,0.441,1.2,3.7,0.331,3.2,6.3,0.504,0.501,1.5,2.0,0.75,1.7,5.7,7.4,6.7,1.1,0.5,2.8,1.6,11.5,2025
Jrue Holiday,PG,34,BOS,40,40,30.5,4.2,9.4,0.447,1.9,5.3,0.355,2.3,4.1,0.564,0.547,1.2,1.4,0.891,1.1,3.2,4.3,3.7,1.0,0.5,1.4,1.5,11.5,2025
Tyus Jones,PG,28,PHO,44,44,29.9,4.3,9.0,0.479,2.1,5.0,0.42,2.2,4.0,0.551,0.594,0.8,0.9,0.872,0.6,2.0,2.5,6.1,0.9,0.1,1.3,1.1,11.5,2025
Alex Sarr,C,19,WAS,41,41,26.8,4.3,10.9,0.397,1.4,4.6,0.307,2.9,6.3,0.463,0.462,1.4,2.1,0.644,1.8,4.8,6.6,2.2,0.7,1.6,1.4,2.4,11.5,2025
Walker Kessler,C,23,UTA,35,35,29.7,4.9,6.6,0.733,0.1,0.1,0.5,4.8,6.5,0.737,0.737,1.5,2.7,0.547,4.5,6.9,11.4,1.5,0.5,2.4,1.4,2.1,11.3,2025
Corey Kispert,SF,25,WAS,40,0,26.8,4.1,9.2,0.44,1.9,5.4,0.355,2.2,3.9,0.558,0.543,1.2,1.4,0.86,0.6,2.4,3.0,1.6,0.6,0.2,1.0,1.5,11.2,2025
Duncan Robinson,SF,30,MIA,43,25,24.3,4.0,9.4,0.425,2.6,6.8,0.378,1.4,2.7,0.544,0.56,0.7,0.7,0.875,0.3,2.2,2.5,2.7,0.6,0.1,1.0,2.1,11.2,2025
Grayson Allen,SG,29,PHO,36,1,24.4,3.5,7.8,0.452,2.4,5.7,0.429,1.1,2.1,0.514,0.609,1.6,2.0,0.831,0.6,2.6,3.2,1.8,0.9,0.3,1.0,1.3,11.1,2025
Tari Eason,PF,23,HOU,30,0,22.9,4.2,9.0,0.469,1.0,3.1,0.326,3.2,6.0,0.542,0.524,1.7,2.2,0.746,2.0,4.0,6.1,1.1,2.0,0.8,0.8,2.5,11.1,2025
Jordan Hawkins,SG,22,NOP,31,5,23.5,3.8,10.2,0.369,2.0,6.0,0.335,1.8,4.3,0.417,0.467,1.6,1.9,0.831,0.4,2.1,2.5,0.9,0.7,0.4,0.9,0.8,11.1,2025
Julian Champagnie,SF,23,SAS,43,26,26.1,3.8,9.0,0.42,2.4,6.6,0.367,1.3,2.4,0.563,0.554,1.1,1.2,0.902,0.8,3.5,4.3,1.2,0.7,0.5,1.0,1.5,11.0,2025
Donte DiVincenzo,SG,28,MIN,40,8,26.4,3.7,9.3,0.397,2.6,7.0,0.369,1.1,2.4,0.479,0.535,1.0,1.3,0.82,0.6,3.1,3.7,3.6,1.2,0.2,1.8,1.6,11.0,2025
Tim Hardaway Jr.,SG,32,DET,42,42,28.5,3.6,8.5,0.419,2.1,5.7,0.377,1.4,2.8,0.504,0.545,1.8,2.1,0.831,0.2,2.0,2.2,1.5,0.5,0.0,0.7,1.3,11.0,2025
Naji Marshall,SF,27,DAL,34,14,24.7,4.4,8.6,0.503,0.9,2.8,0.313,3.5,5.8,0.596,0.554,1.4,1.6,0.87,0.9,2.7,3.6,2.6,1.0,0.1,1.5,1.5,11.0,2025
Ty Jerome,SG,27,CLE,43,2,18.4,3.9,7.7,0.511,1.5,3.4,0.438,2.4,4.3,0.568,0.607,1.6,1.8,0.883,0.7,1.6,2.3,3.3,1.2,0.0,1.2,1.4,10.9,2025
Caris LeVert,SF,30,CLE,35,2,24.1,3.7,7.9,0.473,1.7,3.9,0.42,2.1,4.0,0.525,0.578,1.7,2.4,0.699,0.6,2.3,2.9,3.8,0.9,0.5,1.3,1.3,10.8,2025
Chris Boucher,PF,32,TOR,41,0,17.5,3.9,7.7,0.505,1.5,4.0,0.37,2.4,3.7,0.647,0.6,1.5,1.9,0.795,1.3,3.1,4.4,0.6,0.6,0.6,0.6,1.3,10.7,2025
Brandon Boston Jr.,SG,23,NOP,39,10,23.8,3.9,9.0,0.436,1.2,3.3,0.346,2.8,5.7,0.489,0.5,1.6,2.0,0.81,0.7,2.5,3.2,2.3,1.2,0.2,1.2,1.7,10.6,2025
Andrew Nembhard,SG,25,IND,30,30,28.4,4.0,8.6,0.465,0.8,2.4,0.333,3.2,6.2,0.516,0.512,1.8,2.5,0.743,0.6,2.9,3.5,5.2,1.2,0.1,1.7,2.0,10.6,2025
Nikola Jović,PF,21,MIA,36,10,24.1,3.5,7.9,0.447,1.6,4.3,0.374,1.9,3.6,0.535,0.549,1.8,2.1,0.855,0.6,3.4,4.0,2.8,0.9,0.3,1.2,1.6,10.5,2025
Jaden McDaniels,PF,24,MIN,46,46,31.0,4.2,9.1,0.46,1.3,3.8,0.333,2.9,5.3,0.551,0.53,0.9,1.2,0.764,1.5,3.8,5.2,1.6,1.5,0.9,1.0,2.9,10.5,2025
Zaccharie Risacher,SF,19,ATL,40,38,23.7,4.0,9.9,0.4,1.2,4.2,0.283,2.8,5.7,0.485,0.459,1.5,2.1,0.707,1.3,2.2,3.6,1.2,0.8,0.5,1.2,2.1,10.5,2025
Ochai Agbaji,SG,24,TOR,40,33,28.5,4.2,8.3,0.508,1.6,3.9,0.403,2.7,4.4,0.599,0.601,0.5,0.7,0.679,0.9,2.8,3.7,1.7,0.8,0.5,0.8,2.1,10.4,2025
Amir Coffey,SG,27,LAC,45,10,26.3,3.6,7.6,0.474,1.5,3.7,0.413,2.1,3.9,0.531,0.574,1.7,1.8,0.904,0.5,2.0,2.6,1.2,0.6,0.1,0.7,1.6,10.4,2025
Rudy Gobert,C,32,MIN,46,46,33.0,4.0,6.2,0.649,0.0,0.0,,4.0,6.2,0.649,0.649,2.4,3.5,0.681,3.3,7.0,10.3,1.8,0.7,1.5,1.3,2.5,10.4,2025
Derrick Jones Jr.,SF,27,LAC,44,41,24.7,4.1,8.0,0.52,1.0,2.8,0.369,3.1,5.2,0.601,0.584,1.1,1.4,0.8,1.3,2.3,3.6,0.8,1.3,0.3,0.9,2.0,10.4,2025
Grant Williams,PF,26,CHO,16,7,29.9,3.4,7.7,0.439,1.7,4.6,0.365,1.7,3.1,0.551,0.549,1.9,2.3,0.838,1.1,4.0,5.1,2.3,1.1,0.8,1.8,2.9,10.4,2025
Spencer Dinwiddie,PG,31,DAL,45,15,25.0,3.2,8.0,0.407,1.4,4.0,0.343,1.9,4.0,0.472,0.493,2.5,2.8,0.867,0.2,2.3,2.5,3.7,0.9,0.2,1.1,1.6,10.3,2025
Quentin Grimes,SG,24,DAL,44,12,23.1,3.6,7.8,0.462,1.7,4.3,0.402,1.9,3.5,0.536,0.573,1.4,1.8,0.769,0.7,3.3,4.0,2.2,0.7,0.2,1.3,1.6,10.3,2025
Herbert Jones,SF,26,NOP,20,20,32.4,3.8,8.6,0.436,1.1,3.6,0.306,2.7,5.0,0.53,0.5,1.7,2.0,0.825,1.1,2.8,3.9,3.3,1.9,0.5,1.8,3.3,10.3,2025
De'Anthony Melton,SG,26,GSW,6,2,20.2,3.7,9.0,0.407,2.2,5.8,0.371,1.5,3.2,0.474,0.528,0.8,1.3,0.625,1.0,2.3,3.3,2.8,1.2,0.3,1.7,3.0,10.3,2025
Svi Mykhailiuk,SF,27,UTA,17,8,18.8,3.7,8.5,0.434,2.2,6.2,0.362,1.5,2.4,0.625,0.566,0.6,0.8,0.786,0.4,1.8,2.2,1.7,0.8,0.3,1.7,1.3,10.3,2025
Guerschon Yabusele,C,29,PHI,42,20,26.1,3.7,7.5,0.498,1.5,3.9,0.394,2.2,3.6,0.613,0.602,1.3,1.9,0.692,1.9,3.6,5.5,2.0,0.7,0.5,1.3,2.6,10.3,2025
Jalen Duren,C,21,DET,43,43,25.4,4.3,6.1,0.696,0.0,0.0,,4.3,6.1,0.696,0.696,1.6,2.6,0.636,3.4,6.4,9.9,2.2,0.6,1.2,1.9,3.3,10.1,2025
T.J. McConnell,PG,32,IND,44,0,19.0,4.6,8.6,0.529,0.2,0.6,0.269,4.4,8.0,0.548,0.538,0.8,1.0,0.739,0.6,2.0,2.6,4.5,1.2,0.3,1.5,1.0,10.1,2025
Brice Sensabaugh,SF,21,UTA,34,0,18.1,3.6,7.8,0.468,1.9,4.8,0.402,1.7,3.0,0.574,0.592,0.9,1.0,0.939,0.6,2.1,2.7,1.4,0.6,0.1,1.5,1.4,10.1,2025
Bogdan Bogdanović,SG,32,ATL,24,0,24.9,3.5,9.3,0.371,1.8,6.1,0.301,1.6,3.3,0.5,0.469,1.3,1.4,0.882,0.5,2.3,2.8,2.0,0.8,0.3,1.5,2.4,10.0,2025
Toumani Camara,PF,24,POR,44,44,31.5,3.7,8.5,0.437,1.5,4.3,0.353,2.2,4.3,0.521,0.525,1.1,1.5,0.716,2.2,3.3,5.5,2.0,1.4,0.6,1.5,3.0,10.0,2025
Obi Toppin,PF,26,IND,42,0,19.2,3.9,7.2,0.536,1.2,3.4,0.352,2.7,3.8,0.7,0.619,1.1,1.4,0.81,0.7,3.3,4.0,1.6,0.7,0.4,0.6,1.4,10.0,2025
Gary Trent Jr.,SG,26,MIL,39,7,24.9,3.5,7.8,0.443,2.3,5.2,0.438,1.2,2.6,0.451,0.589,0.8,0.9,0.912,0.2,2.1,2.2,1.0,1.0,0.1,0.6,2.0,10.0,2025
Cam Whitmore,SF,20,HOU,26,0,16.4,3.8,8.7,0.442,1.3,3.9,0.324,2.6,4.8,0.54,0.515,1.1,1.5,0.737,0.8,2.3,3.2,0.8,0.6,0.3,0.9,0.9,10.0,2025
Luke Kennard,SG,28,MEM,34,2,21.6,3.2,6.7,0.485,2.3,4.6,0.49,1.0,2.1,0.471,0.654,1.0,1.1,0.897,0.7,2.3,3.0,3.4,0.6,0.1,1.0,0.8,9.8,2025
Nic Claxton,C,25,BRK,40,32,26.3,4.2,7.8,0.54,0.0,0.3,0.077,4.2,7.5,0.56,0.542,1.2,2.3,0.527,2.0,5.6,7.6,2.0,1.0,1.1,1.2,2.1,9.7,2025
Luguentz Dort,SF,25,OKC,43,43,29.0,3.4,8.1,0.414,2.3,5.6,0.414,1.1,2.6,0.414,0.556,0.7,0.9,0.811,1.4,2.9,4.3,1.7,1.0,0.7,0.7,3.1,9.7,2025
Scotty Pippen Jr.,PG,24,MEM,47,16,21.5,3.6,7.8,0.463,1.0,2.9,0.351,2.6,5.0,0.528,0.527,1.4,2.1,0.68,0.8,2.6,3.4,4.5,1.2,0.3,1.9,2.6,9.7,2025
Goga Bitadze,C,25,ORL,37,33,24.6,4.1,6.5,0.625,0.1,0.5,0.105,4.0,6.0,0.67,0.629,1.4,2.1,0.671,2.7,5.5,8.2,2.4,0.9,1.6,1.4,2.4,9.6,2025
Zach Edey,C,22,MEM,33,26,20.8,3.9,6.8,0.58,0.4,1.1,0.389,3.5,5.7,0.617,0.612,1.3,2.0,0.662,3.2,4.3,7.5,0.9,0.6,1.2,1.5,2.8,9.6,2025
Tosan Evbuomwan,SF,23,BRK,13,0,23.9,3.5,7.8,0.446,0.7,2.5,0.273,2.8,5.2,0.529,0.49,2.0,2.7,0.743,1.2,3.1,4.3,1.4,0.7,0.3,2.1,1.8,9.6,2025
Nick Richards,C,27,2TM,26,13,21.8,3.3,5.7,0.577,0.0,0.1,0.0,3.3,5.7,0.585,0.577,2.8,4.0,0.705,2.6,5.6,8.2,1.2,0.3,1.2,1.7,2.5,9.5,2025
Nick Richards,C,27,CHO,21,9,21.0,3.0,5.4,0.561,0.0,0.0,0.0,3.0,5.4,0.566,0.561,2.8,4.1,0.678,2.4,5.1,7.5,1.3,0.3,1.2,1.6,2.3,8.9,2025
Nick Richards,C,27,PHO,5,4,25.4,4.4,7.0,0.629,0.0,0.2,0.0,4.4,6.8,0.647,0.629,3.0,3.6,0.833,3.4,7.8,11.2,0.6,0.2,0.8,2.0,3.4,11.8,2025
Jaime Jaquez Jr.,SF,23,MIA,40,10,23.8,3.5,7.8,0.442,0.7,2.1,0.317,2.8,5.8,0.487,0.484,2.0,2.6,0.752,1.2,3.5,4.8,2.8,1.2,0.2,1.6,1.6,9.5,2025
Chris Paul,PG,39,SAS,43,43,29.1,3.1,7.5,0.419,1.7,4.8,0.364,1.4,2.7,0.517,0.536,1.4,1.5,0.969,0.5,3.7,4.2,8.2,1.3,0.2,1.6,1.9,9.5,2025
Aaron Wiggins,SG,26,OKC,45,13,21.0,3.8,7.7,0.487,1.3,3.6,0.366,2.4,4.1,0.591,0.572,0.6,0.8,0.829,1.0,2.4,3.4,1.5,0.8,0.2,0.9,1.3,9.5,2025
Clint Capela,C,30,ATL,45,41,22.4,4.2,7.3,0.573,0.0,0.0,,4.2,7.3,0.573,0.573,1.0,1.9,0.541,3.3,5.7,9.0,1.2,0.6,1.0,1.0,2.0,9.4,2025
Noah Clowney,PF,20,BRK,37,18,23.1,3.0,8.1,0.375,2.0,5.6,0.354,1.0,2.4,0.422,0.498,1.4,1.6,0.85,0.9,3.0,3.9,0.8,0.5,0.5,1.0,2.4,9.4,2025
Isaiah Joe,SG,25,OKC,41,11,20.7,3.3,7.8,0.428,2.3,6.0,0.389,1.0,1.7,0.563,0.579,0.4,0.5,0.762,0.5,2.1,2.6,1.4,0.8,0.1,0.5,1.6,9.4,2025
Royce O'Neale,SF,31,PHO,39,10,25.1,3.3,7.8,0.425,2.3,5.6,0.405,1.1,2.2,0.477,0.57,0.4,0.6,0.773,0.9,4.4,5.3,2.0,0.9,0.5,1.1,2.2,9.4,2025
Jalen Wilson,PF,24,BRK,46,12,27.5,3.2,8.3,0.383,1.4,4.5,0.301,1.8,3.8,0.48,0.465,1.7,2.0,0.844,1.1,2.4,3.5,1.9,0.5,0.0,1.2,2.3,9.4,2025
Anthony Black,PG,21,ORL,44,6,25.0,3.3,8.0,0.411,0.6,2.4,0.269,2.6,5.6,0.472,0.451,2.1,2.9,0.74,0.5,2.1,2.6,3.5,1.1,0.6,2.0,2.3,9.3,2025
Julian Strawther,SG,22,DEN,46,0,21.8,3.3,7.5,0.432,1.5,4.1,0.37,1.7,3.4,0.506,0.533,1.2,1.5,0.836,0.3,1.8,2.1,1.4,0.7,0.3,0.8,2.4,9.3,2025
Jose Alvarado,PG,26,NOP,24,7,22.0,3.1,7.9,0.392,2.1,5.2,0.408,1.0,2.7,0.359,0.526,0.9,1.2,0.786,0.5,1.5,2.0,4.1,1.3,0.3,1.1,2.0,9.2,2025
Kentavious Caldwell-Pope,SG,31,ORL,46,46,30.8,3.2,7.7,0.415,1.5,4.8,0.314,1.7,2.8,0.588,0.514,1.2,1.4,0.877,0.3,1.6,1.9,1.9,1.6,0.5,0.9,1.9,9.2,2025
Keon Johnson,SG,22,BRK,45,25,22.3,3.4,9.0,0.372,1.4,4.8,0.301,1.9,4.2,0.453,0.452,1.0,1.4,0.754,0.6,2.5,3.2,1.8,0.8,0.3,1.3,2.5,9.2,2025
Miles McBride,PG,24,NYK,37,0,23.3,3.3,7.9,0.418,1.7,4.6,0.368,1.6,3.3,0.488,0.526,0.9,1.1,0.825,0.8,1.6,2.5,2.8,0.8,0.2,0.8,1.5,9.2,2025
Larry Nance Jr.,PF,32,ATL,16,3,19.4,3.6,6.5,0.548,1.6,3.4,0.481,1.9,3.1,0.62,0.673,0.4,0.5,0.875,1.1,3.2,4.3,1.6,1.0,0.7,0.8,1.5,9.2,2025
Kevin Porter Jr.,SG,24,LAC,41,2,19.7,3.8,9.1,0.414,0.6,2.4,0.242,3.2,6.7,0.476,0.446,1.1,1.8,0.644,0.6,2.9,3.5,3.2,1.0,0.3,1.9,1.5,9.2,2025
Marcus Smart,PG,30,MEM,18,6,21.2,2.9,7.9,0.373,1.6,4.8,0.333,1.3,3.1,0.436,0.475,1.7,2.0,0.833,0.8,1.6,2.3,3.8,1.3,0.3,1.9,1.7,9.2,2025
Patrick Williams,PF,23,CHI,37,35,26.7,3.2,8.7,0.372,1.6,4.6,0.351,1.6,4.1,0.395,0.464,1.1,1.3,0.813,0.7,3.3,3.9,2.2,0.8,0.6,1.3,1.3,9.2,2025
Ziaire Williams,SF,23,BRK,33,16,22.6,3.1,7.8,0.395,1.2,3.8,0.315,1.8,3.9,0.473,0.473,1.8,2.3,0.803,1.0,3.6,4.6,1.4,1.0,0.4,1.1,2.5,9.2,2025
Bruce Brown,PG,28,TOR,13,0,20.3,3.5,7.7,0.46,0.6,1.9,0.32,2.9,5.8,0.507,0.5,1.4,1.6,0.857,1.1,3.2,4.2,1.6,0.9,0.2,1.4,1.7,9.1,2025
Dalton Knecht,SF,23,LAL,44,12,20.9,3.3,7.3,0.458,1.5,4.4,0.351,1.8,2.8,0.624,0.564,1.0,1.2,0.808,0.5,2.6,3.1,0.9,0.4,0.1,0.5,1.4,9.1,2025
Dereck Lively II,C,20,DAL,32,25,24.0,3.9,5.5,0.701,0.0,0.0,,3.9,5.5,0.701,0.701,1.4,2.2,0.638,3.1,4.8,7.8,2.6,0.5,1.7,1.2,2.9,9.1,2025
Caleb Martin,SF,29,PHI,31,24,30.4,3.3,7.5,0.435,1.1,2.8,0.379,2.2,4.7,0.469,0.506,1.5,2.4,0.622,1.4,3.0,4.4,2.2,1.1,0.6,1.4,2.0,9.1,2025
Dorian Finney-Smith,PF,31,2TM,31,22,27.0,3.2,6.8,0.467,2.0,4.7,0.428,1.2,2.2,0.552,0.613,0.6,0.9,0.655,1.4,2.6,4.0,1.3,0.9,0.4,0.7,2.5,9.0,2025
Dorian Finney-Smith,PF,31,BRK,20,20,29.0,3.7,8.0,0.459,2.4,5.4,0.435,1.3,2.6,0.51,0.607,0.8,1.2,0.625,1.6,3.0,4.6,1.6,0.9,0.6,0.9,2.7,10.4,2025
Dorian Finney-Smith,PF,31,LAL,11,2,23.5,2.4,4.8,0.491,1.4,3.4,0.405,1.0,1.5,0.688,0.632,0.4,0.5,0.8,1.2,1.9,3.1,0.8,0.8,0.0,0.4,2.0,6.5,2025
Yves Missi,C,20,NOP,44,38,26.8,3.5,6.2,0.566,0.0,0.0,0.0,3.5,6.2,0.568,0.566,1.9,2.9,0.661,3.5,4.5,8.0,1.4,0.6,1.5,1.2,2.1,9.0,2025
Carlton Carrington,PG,19,WAS,45,34,29.8,3.3,8.3,0.396,1.6,4.6,0.34,1.7,3.7,0.467,0.491,0.8,0.9,0.81,0.4,3.8,4.1,3.8,0.8,0.2,1.5,2.5,8.9,2025
Tristan Da Silva,SF,23,ORL,44,34,26.3,3.3,8.0,0.419,1.3,4.0,0.331,2.0,4.0,0.506,0.501,0.8,1.0,0.841,1.3,2.8,4.2,1.8,0.5,0.2,0.9,1.5,8.8,2025
Aaron Nesmith,SF,25,IND,10,7,19.6,3.1,5.7,0.544,1.1,2.2,0.5,2.0,3.5,0.571,0.64,1.5,1.7,0.882,0.5,3.0,3.5,0.9,0.4,0.2,0.9,2.9,8.8,2025
Dalano Banton,PG,25,POR,37,0,15.7,3.1,7.6,0.406,1.2,3.3,0.352,1.9,4.4,0.447,0.482,1.3,1.9,0.7,0.3,1.6,1.9,2.2,0.8,0.5,1.3,1.0,8.7,2025
Wendell Carter Jr.,C,25,ORL,35,26,25.8,3.1,6.9,0.442,0.5,2.3,0.195,2.6,4.6,0.569,0.475,2.1,3.0,0.712,1.8,5.5,7.3,2.3,0.9,0.6,1.0,2.9,8.7,2025
Georges Niang,PF,31,CLE,46,1,20.4,3.2,6.9,0.472,1.7,4.4,0.398,1.5,2.5,0.6,0.598,0.3,0.5,0.762,0.7,3.1,3.8,1.4,0.3,0.1,1.0,2.4,8.6,2025
Jusuf Nurkić,C,30,PHO,25,23,23.7,3.0,6.5,0.454,0.8,2.4,0.322,2.2,4.2,0.529,0.512,1.9,2.8,0.696,1.8,7.3,9.2,1.9,0.9,0.6,2.3,3.1,8.6,2025
Kel'el Ware,C,20,MIA,30,4,16.8,3.5,6.2,0.565,0.8,1.8,0.426,2.7,4.4,0.621,0.626,0.8,1.1,0.727,1.0,3.8,4.8,0.5,0.6,1.0,0.7,1.3,8.6,2025
Moses Moody,SG,22,GSW,38,4,17.7,2.9,6.7,0.439,1.6,4.1,0.397,1.3,2.6,0.505,0.561,0.9,1.3,0.735,0.5,1.5,2.0,1.1,0.5,0.3,0.7,1.3,8.5,2025
Draymond Green,PF,34,GSW,34,32,27.8,2.9,7.1,0.415,1.4,3.7,0.362,1.6,3.4,0.474,0.51,1.2,1.9,0.615,1.0,5.0,6.0,5.5,1.0,1.1,2.5,3.1,8.4,2025
Jaylen Nowell,SG,25,NOP,8,0,21.0,3.3,9.1,0.356,1.0,3.4,0.296,2.3,5.8,0.391,0.411,0.9,1.4,0.636,0.8,1.8,2.5,2.3,0.1,0.5,1.0,1.1,8.4,2025
Nickeil Alexander-Walker,SG,26,MIN,46,2,22.9,3.0,6.7,0.448,1.6,3.9,0.4,1.4,2.8,0.516,0.565,0.7,1.0,0.696,0.6,2.3,2.8,2.3,0.6,0.3,1.3,1.7,8.3,2025
Max Christie,SG,21,LAL,43,22,24.9,2.7,6.2,0.442,1.3,3.4,0.372,1.4,2.7,0.53,0.545,1.6,1.9,0.854,0.6,2.0,2.6,1.4,0.8,0.5,0.9,1.5,8.3,2025
Jaden Hardy,SG,22,DAL,36,3,15.8,3.0,6.9,0.436,1.3,3.2,0.4,1.8,3.8,0.467,0.528,1.0,1.3,0.729,0.2,1.4,1.6,1.4,0.6,0.1,1.5,1.6,8.3,2025
Brandin Podziemski,SG,21,GSW,32,8,24.1,3.2,7.7,0.419,1.1,3.6,0.313,2.1,4.1,0.511,0.492,0.8,1.0,0.75,1.0,3.4,4.4,3.2,1.0,0.2,1.0,1.5,8.3,2025
Trendon Watford,PF,24,BRK,13,0,16.1,2.7,6.1,0.443,0.6,2.0,0.308,2.1,4.1,0.509,0.494,2.3,2.7,0.857,0.3,2.5,2.8,1.2,0.4,0.3,1.2,2.3,8.3,2025
Cole Anthony,PG,24,ORL,43,8,16.3,3.0,7.5,0.408,0.9,2.9,0.306,2.2,4.6,0.472,0.467,1.2,1.6,0.765,0.6,2.2,2.8,2.7,0.6,0.3,1.6,2.1,8.2,2025
Trayce Jackson-Davis,C,24,GSW,44,36,20.0,3.5,6.2,0.571,0.0,0.0,0.0,3.5,6.2,0.574,0.571,1.1,1.9,0.595,2.4,4.0,6.4,2.2,0.5,0.8,0.9,1.5,8.2,2025
Peyton Watson,SF,22,DEN,46,12,24.2,3.0,6.3,0.467,0.7,2.0,0.344,2.3,4.3,0.525,0.522,1.6,2.2,0.747,0.8,2.7,3.5,1.5,0.9,1.3,0.9,1.7,8.2,2025
Al Horford,C,38,BOS,36,25,26.8,3.0,7.1,0.416,1.8,5.1,0.359,1.1,2.0,0.562,0.545,0.3,0.3,0.833,1.1,4.2,5.3,2.1,0.6,0.9,0.8,1.5,8.1,2025
Tyrese Martin,SG,25,BRK,31,6,21.3,3.0,7.5,0.399,1.6,4.5,0.353,1.4,3.0,0.468,0.504,0.5,0.8,0.654,1.1,2.8,3.9,1.8,0.4,0.2,1.3,1.1,8.1,2025
Jalen Smith,C,24,CHI,43,1,15.1,2.9,6.2,0.464,1.1,3.3,0.34,1.7,2.8,0.612,0.557,1.3,1.5,0.831,1.5,4.0,5.5,0.8,0.3,0.7,0.6,1.6,8.1,2025
Ausar Thompson,SF,22,DET,24,13,19.7,3.4,6.8,0.5,0.3,1.3,0.219,3.1,5.4,0.569,0.522,1.0,1.8,0.595,1.6,3.2,4.8,1.6,1.5,0.4,1.5,2.5,8.1,2025
Justin Champagnie,SF,23,WAS,27,13,20.0,3.1,6.2,0.503,1.1,3.0,0.388,2.0,3.2,0.609,0.596,0.6,0.9,0.64,1.6,3.3,4.9,1.0,1.0,0.6,0.8,2.0,8.0,2025
Mike Conley,PG,37,MIN,42,36,24.6,2.5,6.8,0.366,1.8,4.6,0.381,0.7,2.2,0.333,0.495,1.2,1.4,0.897,0.5,2.2,2.7,4.3,1.4,0.2,1.1,1.4,8.0,2025
Kevin Huerter,SG,26,SAC,41,15,21.5,3.0,7.4,0.413,1.5,4.9,0.302,1.6,2.5,0.625,0.512,0.5,0.7,0.714,0.5,2.4,2.9,1.7,0.9,0.4,0.9,1.7,8.0,2025
Jay Huff,C,26,MEM,42,1,13.4,2.8,5.4,0.524,1.5,3.6,0.417,1.3,1.8,0.737,0.663,0.9,1.1,0.771,0.5,1.8,2.3,0.7,0.3,1.0,0.7,1.5,8.0,2025
GG Jackson II,PF,20,MEM,5,0,16.6,2.8,7.8,0.359,1.0,4.0,0.25,1.8,3.8,0.474,0.423,1.4,1.8,0.778,1.0,2.4,3.4,0.8,0.4,0.0,1.2,1.0,8.0,2025
Garrison Mathews,SG,28,ATL,37,2,18.6,2.3,5.7,0.405,1.9,4.8,0.397,0.4,0.8,0.452,0.574,1.5,1.8,0.821,0.3,1.5,1.8,1.5,0.7,0.3,0.7,1.8,8.0,2025
A.J. Green,SG,25,MIL,38,4,21.8,2.7,5.9,0.447,2.3,5.2,0.442,0.3,0.7,0.481,0.642,0.3,0.4,0.857,0.3,2.1,2.3,1.3,0.5,0.1,0.6,2.2,7.9,2025
Max Strus,SF,28,CLE,18,5,24.2,2.8,6.8,0.415,2.0,5.4,0.371,0.8,1.4,0.577,0.561,0.2,0.3,0.8,0.9,3.3,4.2,2.9,0.4,0.4,1.0,1.9,7.9,2025
Cody Martin,SF,29,CHO,39,8,24.8,3.0,6.9,0.433,1.0,3.2,0.323,1.9,3.7,0.528,0.507,0.9,1.3,0.694,1.0,3.5,4.5,2.3,1.1,0.7,1.1,1.8,7.8,2025
Day'Ron Sharpe,C,23,BRK,25,0,17.6,3.1,6.4,0.484,0.2,1.1,0.148,2.9,5.3,0.553,0.497,1.5,2.0,0.755,3.0,3.4,6.3,1.4,0.8,0.5,1.2,1.9,7.8,2025
Brandon Clarke,PF,28,MEM,44,18,18.5,3.5,5.6,0.613,0.0,0.4,0.063,3.4,5.3,0.651,0.615,0.8,1.2,0.686,1.8,3.2,5.0,1.0,0.8,0.5,0.6,2.4,7.7,2025
Keon Ellis,SG,25,SAC,44,10,21.5,2.5,5.2,0.487,1.6,3.7,0.447,0.9,1.5,0.582,0.645,1.0,1.1,0.86,0.8,1.6,2.4,1.3,1.4,0.8,0.8,1.9,7.7,2025
Jake LaRavia,PF,23,MEM,43,0,21.6,2.7,5.4,0.491,0.9,2.0,0.437,1.8,3.4,0.524,0.573,1.5,2.1,0.711,1.4,3.0,4.4,3.0,0.9,0.4,1.5,2.0,7.7,2025
Sam Hauser,PF,27,BOS,39,7,20.1,2.7,6.2,0.434,2.1,5.3,0.386,0.6,0.9,0.714,0.599,0.1,0.1,1.0,0.7,2.3,2.9,1.0,0.7,0.2,0.3,1.1,7.5,2025
Cason Wallace,SG,21,OKC,44,30,27.8,3.1,6.9,0.449,1.0,3.0,0.341,2.1,3.9,0.532,0.523,0.3,0.4,0.778,1.1,2.4,3.5,2.5,1.7,0.6,0.7,2.3,7.5,2025
Kyshawn George,SG,21,WAS,40,10,25.7,2.5,7.3,0.345,1.4,5.1,0.277,1.1,2.3,0.495,0.44,1.0,1.3,0.76,0.8,2.9,3.7,2.2,0.9,0.6,1.3,3.0,7.4,2025
Josh Green,SG,24,CHO,41,40,28.2,2.6,6.1,0.426,1.5,3.6,0.412,1.1,2.5,0.446,0.548,0.8,1.1,0.711,1.1,1.8,2.9,1.4,1.1,0.3,0.9,2.8,7.4,2025
Cameron Payne,PG,30,NYK,41,1,14.6,2.6,6.1,0.428,1.5,3.8,0.4,1.1,2.3,0.474,0.552,0.7,0.7,0.9,0.3,1.2,1.4,2.5,0.6,0.3,0.7,1.8,7.4,2025
Ryan Dunn,SF,22,PHO,40,24,20.1,3.0,6.6,0.452,1.1,3.5,0.317,1.9,3.1,0.605,0.536,0.3,0.5,0.476,1.0,2.4,3.4,0.9,0.5,0.7,0.4,2.4,7.3,2025
Johnny Juzang,SG,23,UTA,32,5,17.8,2.5,5.9,0.418,1.7,4.2,0.4,0.8,1.7,0.463,0.561,0.7,0.8,0.88,0.6,2.2,2.8,1.0,0.4,0.2,0.5,1.9,7.3,2025
Taurean Prince,SF,30,MIL,44,37,25.8,2.6,5.8,0.455,1.7,3.7,0.463,0.9,2.0,0.438,0.605,0.4,0.5,0.773,0.5,3.2,3.7,2.0,0.8,0.1,1.0,1.9,7.3,2025
Andre Drummond,C,31,PHI,28,16,19.2,2.9,5.7,0.509,0.0,0.4,0.091,2.9,5.3,0.541,0.513,1.3,2.2,0.574,2.5,5.1,7.6,0.6,1.1,0.4,1.7,2.4,7.1,2025
Justin Edwards,SF,21,PHI,15,0,20.3,2.7,5.8,0.46,1.2,3.5,0.34,1.5,2.3,0.647,0.563,0.5,0.9,0.615,1.0,1.8,2.8,0.9,0.7,0.3,0.9,1.9,7.1,2025
Quinten Post,PF,24,GSW,7,0,12.0,2.7,5.6,0.487,1.4,3.9,0.37,1.3,1.7,0.75,0.615,0.3,0.3,1.0,0.4,1.7,2.1,1.6,0.1,0.3,0.7,1.7,7.1,2025
Lonzo Ball,PG,27,CHI,26,5,20.8,2.4,6.3,0.378,1.8,5.3,0.348,0.5,1.0,0.538,0.524,0.4,0.5,0.786,0.5,2.9,3.4,3.5,1.6,0.5,1.2,1.6,7.0,2025
Isaiah Jackson,C,23,IND,5,1,16.8,2.8,4.6,0.609,0.0,0.0,,2.8,4.6,0.609,0.609,1.4,2.8,0.5,2.2,3.4,5.6,1.0,0.6,1.6,1.0,2.8,7.0,2025
Kelly Olynyk,C,33,TOR,21,1,15.2,2.3,4.6,0.51,0.8,1.7,0.486,1.5,2.9,0.525,0.599,1.5,2.0,0.78,0.9,2.5,3.4,2.3,0.7,0.4,1.5,2.2,7.0,2025
Ja'Kobe Walter,SG,20,TOR,27,7,18.4,2.6,6.5,0.394,0.9,3.1,0.298,1.6,3.4,0.484,0.466,0.9,1.4,0.658,0.7,1.7,2.4,1.4,0.5,0.2,0.8,1.9,7.0,2025
Torrey Craig,SF,34,CHI,9,1,12.6,2.4,5.0,0.489,1.7,3.9,0.429,0.8,1.1,0.7,0.656,0.3,0.4,0.75,0.9,1.9,2.8,0.6,0.2,0.1,0.0,1.7,6.9,2025
Bones Hyland,PG,24,LAC,19,0,11.3,2.2,5.8,0.373,1.5,4.1,0.377,0.6,1.7,0.364,0.505,1.1,1.3,0.875,0.3,1.0,1.3,1.5,0.9,0.2,1.2,1.2,6.9,2025
Vasilije Micić,PG,31,CHO,32,12,20.7,2.5,7.3,0.341,1.1,3.4,0.333,1.3,3.9,0.347,0.418,0.8,1.0,0.818,0.5,1.7,2.3,3.4,0.4,0.0,2.1,1.2,6.9,2025
Josh Okogie,SG,26,2TM,30,1,15.3,2.4,5.0,0.477,0.8,2.0,0.4,1.6,3.0,0.527,0.556,1.2,1.6,0.714,1.3,1.8,3.1,0.7,1.2,0.4,0.7,1.2,6.8,2025
Josh Okogie,SG,26,PHO,25,1,14.0,2.2,4.6,0.491,0.6,1.7,0.381,1.6,2.9,0.556,0.561,0.9,1.3,0.688,1.3,1.6,2.9,0.6,0.8,0.4,0.6,1.1,6.0,2025
Josh Okogie,SG,26,CHO,5,0,21.6,3.2,7.4,0.432,1.6,3.6,0.444,1.6,3.8,0.421,0.541,2.6,3.4,0.765,1.4,2.6,4.0,1.6,3.0,0.6,1.2,1.6,10.6,2025
Jared Butler,PG,24,WAS,31,0,11.1,2.7,5.5,0.488,0.5,1.3,0.375,2.2,4.2,0.523,0.532,1.0,1.3,0.775,0.5,0.9,1.3,2.5,0.4,0.2,0.9,1.2,6.8,2025
Trey Lyles,PF,29,SAC,36,2,20.1,2.3,5.8,0.401,1.4,3.9,0.345,0.9,1.8,0.523,0.519,0.9,1.2,0.738,1.1,3.7,4.8,0.9,0.6,0.5,0.6,1.3,6.8,2025
Eric Gordon,SG,36,PHI,33,10,19.4,2.2,5.2,0.421,1.4,3.5,0.397,0.8,1.7,0.473,0.556,1.0,1.3,0.744,0.2,0.9,1.1,1.5,0.6,0.3,0.7,0.8,6.7,2025
Elfrid Payton,PG,30,NOP,7,3,20.6,3.3,6.6,0.5,0.0,0.1,0.0,3.3,6.4,0.511,0.5,0.1,0.3,0.5,0.7,2.7,3.4,6.9,1.4,0.4,2.9,1.4,6.7,2025
Sam Merrill,SG,28,CLE,39,2,18.3,2.2,5.8,0.373,1.7,5.1,0.335,0.5,0.8,0.613,0.518,0.6,0.6,0.957,0.5,1.4,1.9,1.6,0.5,0.2,0.4,1.8,6.6,2025
Haywood Highsmith,SF,28,MIA,43,34,24.2,2.5,5.2,0.477,1.2,3.0,0.406,1.3,2.2,0.574,0.595,0.4,0.6,0.667,0.9,2.3,3.2,1.3,1.0,0.6,0.8,2.1,6.5,2025
Simone Fontecchio,SF,29,DET,41,0,17.9,2.1,5.3,0.404,1.1,3.3,0.343,1.0,2.0,0.5,0.509,1.0,1.2,0.8,0.7,2.3,2.9,0.9,0.3,0.1,0.8,1.3,6.4,2025
Ron Holland,SF,19,DET,46,1,15.6,2.4,5.2,0.465,0.5,2.0,0.25,1.9,3.2,0.597,0.512,1.0,1.3,0.78,0.5,2.3,2.8,0.8,0.5,0.2,0.8,1.8,6.4,2025
Jonathan Isaac,PF,27,ORL,42,0,16.8,2.3,5.5,0.417,0.7,2.6,0.252,1.6,2.8,0.571,0.478,1.1,1.7,0.658,1.9,3.0,4.9,0.5,0.8,1.3,0.5,1.4,6.4,2025
DaQuan Jeffries,SG,27,CHO,12,0,17.4,2.4,5.0,0.483,1.2,2.8,0.424,1.3,2.3,0.556,0.6,0.4,0.5,0.833,1.0,2.3,3.3,0.8,0.6,0.4,0.6,1.8,6.4,2025
KJ Martin,PF,24,PHI,24,7,20.0,2.5,4.1,0.616,0.3,0.9,0.381,2.2,3.3,0.679,0.657,1.0,1.2,0.828,0.9,2.1,3.0,0.8,0.5,0.7,0.5,2.6,6.4,2025
Ajay Mitchell,SG,22,OKC,34,1,16.5,2.5,4.9,0.506,0.6,1.5,0.431,1.8,3.4,0.539,0.572,0.8,1.0,0.848,0.5,1.5,2.0,1.7,0.7,0.1,0.8,1.7,6.4,2025
Keaton Wallace,PG,25,ATL,18,3,17.8,2.4,5.6,0.426,1.1,2.9,0.377,1.3,2.7,0.479,0.525,0.5,0.5,1.0,0.2,1.5,1.7,2.4,1.1,0.3,1.2,1.2,6.4,2025
Ricky Council IV,SF,23,PHI,36,3,14.3,2.1,5.1,0.402,0.6,2.2,0.269,1.5,2.9,0.5,0.459,1.6,1.9,0.836,0.7,1.7,2.3,0.9,0.3,0.2,0.6,0.8,6.3,2025
Vit Krejci,PG,24,ATL,31,14,19.7,2.3,5.2,0.432,1.3,3.4,0.377,1.0,1.8,0.536,0.556,0.5,0.7,0.714,0.4,2.0,2.4,2.7,0.7,0.5,0.9,1.8,6.3,2025
Terance Mann,SG,28,LAC,33,12,20.0,2.5,5.5,0.456,0.7,2.1,0.353,1.8,3.4,0.518,0.522,0.6,0.9,0.7,0.8,2.1,2.9,1.7,0.8,0.3,0.7,1.9,6.3,2025
Ben Simmons,PG,28,BRK,30,24,25.3,2.9,5.2,0.555,0.0,0.0,,2.9,5.2,0.555,0.555,0.5,0.8,0.696,0.9,4.4,5.3,7.1,0.8,0.5,2.8,2.5,6.3,2025
Jarace Walker,PF,21,IND,45,1,16.8,2.3,4.9,0.468,1.0,2.5,0.389,1.3,2.4,0.551,0.568,0.8,1.2,0.642,0.4,2.9,3.3,1.5,1.0,0.4,1.1,1.7,6.3,2025
Javonte Green,SG,31,NOP,42,15,22.0,2.2,4.7,0.464,0.8,2.1,0.382,1.4,2.5,0.533,0.551,1.0,1.4,0.754,1.1,2.5,3.5,0.8,1.0,0.7,0.6,1.5,6.2,2025
Dru Smith,SG,27,MIA,14,1,19.1,2.2,4.4,0.508,1.1,2.1,0.533,1.1,2.2,0.484,0.639,0.6,0.9,0.75,0.9,1.7,2.6,1.6,1.5,0.4,1.2,2.1,6.2,2025
Shake Milton,SG,28,2TM,35,1,16.1,2.2,4.9,0.445,0.9,2.3,0.366,1.3,2.6,0.516,0.532,0.9,1.1,0.769,0.5,1.3,1.8,2.1,0.4,0.1,0.7,1.4,6.1,2025
Shake Milton,SG,28,BRK,27,1,18.2,2.7,5.8,0.465,1.0,2.7,0.389,1.7,3.1,0.529,0.554,0.9,1.2,0.758,0.6,1.3,1.9,2.4,0.6,0.0,0.7,1.6,7.4,2025
Shake Milton,SG,28,LAL,8,0,9.1,0.5,2.0,0.25,0.3,1.3,0.2,0.3,0.8,0.333,0.313,0.6,0.8,0.833,0.3,1.3,1.5,1.1,0.0,0.1,0.5,0.8,1.9,2025
Kyle Filipowski,C,21,UTA,34,8,18.5,2.3,4.8,0.481,0.6,2.1,0.3,1.7,2.7,0.62,0.546,0.9,1.4,0.612,1.1,3.8,4.9,1.8,0.6,0.1,0.9,1.9,6.1,2025
Davion Mitchell,PG,26,TOR,41,21,24.7,2.3,5.6,0.417,0.9,2.7,0.33,1.4,2.9,0.496,0.496,0.6,0.9,0.667,0.4,1.6,1.9,4.6,0.7,0.2,1.7,2.7,6.1,2025
Thomas Bryant,C,27,2TM,29,1,13.1,2.3,4.1,0.55,0.8,1.9,0.411,1.5,2.2,0.672,0.646,0.7,0.7,0.95,1.3,2.3,3.6,0.7,0.4,0.6,0.3,0.9,6.0,2025
Thomas Bryant,C,27,MIA,10,0,11.5,1.2,2.8,0.429,0.6,1.7,0.353,0.6,1.1,0.545,0.536,1.1,1.1,1.0,0.6,2.6,3.2,0.4,0.1,0.9,0.2,0.9,4.1,2025
Thomas Bryant,C,27,IND,19,1,13.9,2.8,4.8,0.587,0.9,2.1,0.436,1.9,2.8,0.698,0.679,0.4,0.5,0.889,1.6,2.2,3.8,0.8,0.6,0.5,0.4,0.8,7.0,2025
Kris Dunn,PG,30,LAC,42,29,22.6,2.5,5.9,0.423,0.9,3.0,0.305,1.5,2.8,0.551,0.502,0.1,0.3,0.5,0.7,2.6,3.2,2.7,1.5,0.3,1.1,2.5,6.0,2025
Talen Horton-Tucker,SG,24,CHI,39,0,11.8,2.2,4.7,0.457,0.8,2.1,0.383,1.4,2.6,0.515,0.541,0.9,1.2,0.729,0.4,1.4,1.7,1.4,0.4,0.2,0.7,1.0,6.0,2025
Marcus Sasser,PG,24,DET,35,0,13.9,2.3,4.9,0.468,0.9,2.5,0.371,1.3,2.3,0.573,0.564,0.5,0.6,0.9,0.3,0.9,1.2,2.1,0.6,0.1,0.8,1.3,6.0,2025
Nick Smith Jr.,SG,20,CHO,25,6,15.0,2.3,6.1,0.379,1.2,3.5,0.341,1.1,2.6,0.431,0.477,0.2,0.2,0.8,0.2,1.5,1.7,1.6,0.3,0.2,0.8,0.8,6.0,2025
Dean Wade,PF,28,CLE,35,26,22.8,2.1,5.1,0.408,1.5,4.3,0.349,0.6,0.9,0.7,0.553,0.4,0.7,0.52,1.0,4.1,5.1,1.6,0.9,0.5,0.3,1.9,6.0,2025
James Wiseman,C,23,IND,1,0,5.0,2.0,4.0,0.5,0.0,1.0,0.0,2.0,3.0,0.667,0.5,2.0,2.0,1.0,0.0,1.0,1.0,0.0,0.0,0.0,0.0,0.0,6.0,2025
Jaylin Williams,PF,22,OKC,18,5,16.2,2.2,5.2,0.415,1.3,3.7,0.364,0.8,1.6,0.536,0.543,0.2,0.2,1.0,1.2,3.6,4.8,2.2,0.4,0.6,0.7,1.7,5.9,2025
Kevin Love,PF,36,MIA,18,6,11.1,1.9,5.5,0.354,1.2,3.2,0.362,0.8,2.3,0.341,0.46,0.7,1.1,0.684,0.9,3.2,4.2,1.1,0.8,0.1,0.7,0.9,5.8,2025
Isaac Okoro,SG,24,CLE,28,16,19.7,2.0,4.7,0.427,1.1,2.8,0.397,0.9,1.9,0.472,0.546,0.6,0.9,0.72,0.8,1.3,2.1,1.6,0.7,0.4,0.4,2.0,5.8,2025
Jeremiah Robinson-Earl,PF,24,NOP,39,6,18.3,2.2,5.0,0.446,0.7,2.3,0.3,1.5,2.7,0.571,0.515,0.6,0.7,0.862,1.8,3.1,4.8,1.3,0.7,0.2,0.7,1.3,5.8,2025
Robert Williams,C,27,POR,17,3,17.3,2.4,3.7,0.651,0.1,0.2,0.333,2.4,3.5,0.667,0.659,0.9,1.0,0.882,1.8,3.9,5.7,1.0,0.6,1.7,0.9,1.5,5.8,2025
Precious Achiuwa,C,25,NYK,26,1,18.8,2.5,4.5,0.542,0.3,0.7,0.412,2.2,3.9,0.564,0.572,0.5,1.0,0.519,1.7,3.7,5.4,1.0,0.9,0.8,0.8,1.4,5.7,2025
Alex Caruso,SG,30,OKC,27,0,19.7,2.2,5.7,0.383,1.0,3.3,0.292,1.2,2.4,0.508,0.468,0.3,0.4,0.75,0.7,2.1,2.8,2.6,1.8,0.5,0.7,1.9,5.7,2025
Quenton Jackson,PG,26,IND,18,7,14.1,2.2,4.2,0.513,0.5,1.3,0.375,1.7,2.9,0.577,0.572,0.8,1.2,0.714,0.6,0.9,1.5,1.7,0.5,0.3,0.6,1.8,5.7,2025
Alec Burks,SG,33,MIA,25,0,16.1,1.7,4.2,0.413,1.3,3.1,0.429,0.4,1.1,0.37,0.572,0.8,1.0,0.808,0.3,1.7,2.0,1.0,0.5,0.2,0.4,0.6,5.6,2025
Drew Eubanks,C,27,UTA,35,3,15.2,2.3,3.8,0.594,0.1,0.1,0.6,2.2,3.7,0.594,0.605,1.0,1.5,0.648,1.1,3.5,4.7,1.2,0.3,0.8,0.9,1.3,5.6,2025
Lindy Waters III,SG,27,GSW,37,9,17.5,2.1,5.5,0.376,1.3,3.9,0.336,0.7,1.5,0.482,0.498,0.2,0.3,0.727,0.4,2.2,2.6,1.1,0.6,0.3,0.5,1.5,5.6,2025
Kenrich Williams,PF,30,OKC,34,0,14.0,2.2,4.4,0.497,0.8,2.2,0.373,1.4,2.2,0.622,0.591,0.4,0.5,0.882,0.8,2.4,3.2,0.9,0.6,0.1,0.5,1.6,5.6,2025
Isaiah Wong,SG,24,CHO,14,0,12.4,1.9,4.9,0.377,0.4,1.6,0.273,1.4,3.4,0.426,0.42,1.5,2.1,0.7,0.9,0.9,1.8,1.4,0.6,0.0,0.9,1.0,5.6,2025
Jamison Battle,SF,23,TOR,34,0,12.6,1.9,4.2,0.458,1.3,3.1,0.415,0.6,1.1,0.583,0.613,0.4,0.4,0.857,0.6,1.3,1.8,0.9,0.1,0.1,0.4,1.1,5.5,2025
Seth Curry,SG,34,CHO,36,8,13.5,2.1,4.2,0.493,1.0,2.2,0.462,1.1,2.0,0.528,0.613,0.4,0.4,0.867,0.4,1.0,1.4,0.5,0.4,0.1,0.4,0.9,5.5,2025
Isaiah Stewart,C,23,DET,42,3,20.6,2.3,4.4,0.522,0.2,0.8,0.242,2.1,3.6,0.583,0.543,0.8,0.9,0.846,2.0,3.9,6.0,1.7,0.4,1.3,0.9,2.6,5.5,2025
Kyle Anderson,PF,31,GSW,33,3,15.2,2.1,4.8,0.443,0.6,1.5,0.373,1.5,3.2,0.477,0.503,0.5,0.8,0.667,0.8,2.4,3.1,2.3,0.8,0.5,0.5,1.1,5.4,2025
Donovan Clingan,C,20,POR,33,10,16.8,2.2,4.3,0.521,0.2,0.7,0.273,2.1,3.6,0.567,0.542,0.8,1.0,0.735,2.7,3.9,6.7,0.8,0.5,1.6,1.2,2.5,5.4,2025
Kobe Bufkin,SG,21,ATL,10,0,12.4,1.8,4.7,0.383,0.4,1.9,0.211,1.4,2.8,0.5,0.426,1.3,1.8,0.722,0.5,1.6,2.1,1.7,0.3,0.2,0.8,0.9,5.3,2025
Isaiah Collier,PG,20,UTA,36,11,21.5,2.1,5.8,0.365,0.4,1.9,0.214,1.7,3.8,0.442,0.401,0.6,1.1,0.605,0.3,2.4,2.8,4.9,0.8,0.2,2.7,2.1,5.3,2025
Jordan Miller,SF,25,LAC,27,0,13.6,2.0,4.7,0.429,0.3,1.3,0.222,1.7,3.3,0.511,0.46,1.0,1.2,0.788,0.8,1.1,1.9,1.1,0.6,0.2,0.8,0.8,5.3,2025
Neemias Queta,C,25,BOS,38,5,15.0,2.2,3.3,0.667,0.0,0.1,0.0,2.2,3.3,0.677,0.667,0.8,1.2,0.727,1.4,2.4,3.8,0.7,0.3,0.7,0.7,1.8,5.3,2025
Jamal Shead,PG,22,TOR,42,0,16.5,2.0,5.0,0.408,0.8,2.2,0.351,1.3,2.8,0.453,0.486,0.4,0.6,0.72,0.2,0.9,1.1,3.4,0.6,0.1,1.5,1.8,5.3,2025
Ben Sheppard,SG,23,IND,31,7,20.2,1.9,4.8,0.393,1.2,3.4,0.356,0.7,1.5,0.478,0.517,0.3,0.3,0.9,0.6,1.9,2.5,1.0,0.5,0.3,0.4,2.3,5.3,2025
Vince Williams Jr.,SG,24,MEM,3,0,15.0,2.3,6.3,0.368,0.3,2.7,0.125,2.0,3.7,0.545,0.395,0.3,1.3,0.25,1.3,2.3,3.7,3.0,0.0,0.7,2.3,3.0,5.3,2025
Jaxson Hayes,C,24,LAL,23,3,16.2,2.0,3.2,0.644,0.0,0.1,0.0,2.0,3.1,0.662,0.644,1.1,1.5,0.743,1.3,2.5,3.9,0.8,0.4,0.7,0.6,2.0,5.2,2025
Monte Morris,PG,29,PHO,36,0,13.4,1.8,4.3,0.426,0.6,1.8,0.303,1.3,2.5,0.517,0.49,0.9,1.1,0.85,0.3,1.3,1.5,1.7,0.4,0.1,0.4,0.5,5.2,2025
Trevelin Queen,SG,27,ORL,20,2,16.3,2.0,5.0,0.394,0.8,2.6,0.308,1.2,2.4,0.489,0.475,0.5,0.6,0.818,0.8,0.9,1.7,1.5,1.1,0.4,0.9,1.6,5.2,2025
Luke Kornet,C,29,BOS,41,6,17.0,2.0,3.2,0.636,0.0,0.0,,2.0,3.2,0.636,0.636,1.0,1.4,0.75,2.3,2.9,5.2,1.5,0.5,1.0,0.5,1.4,5.1,2025
Jonathan Mogbo,PF,23,TOR,36,6,16.4,1.9,4.2,0.464,0.2,0.7,0.32,1.7,3.5,0.492,0.49,1.0,1.3,0.729,1.8,2.4,4.1,1.6,0.7,0.4,0.9,1.8,5.1,2025
Gary Payton II,SG,32,GSW,34,8,13.4,2.2,3.9,0.56,0.3,1.3,0.233,1.9,2.7,0.714,0.597,0.4,0.6,0.632,1.1,2.0,3.0,1.3,0.6,0.3,0.6,1.5,5.1,2025
Matas Buzelis,SF,20,CHI,45,0,12.9,1.8,4.6,0.386,0.8,2.2,0.34,1.0,2.4,0.43,0.469,0.7,0.8,0.811,0.6,2.0,2.7,0.4,0.2,0.8,0.6,1.3,5.0,2025
Rob Dillingham,PG,20,MIN,21,0,10.2,2.1,4.4,0.478,0.9,1.8,0.486,1.2,2.6,0.473,0.576,0.0,0.1,0.0,0.2,0.9,1.0,1.8,0.2,0.0,1.2,0.8,5.0,2025
Kevon Looney,C,28,GSW,39,6,15.8,2.2,4.2,0.521,0.0,0.0,0.0,2.2,4.2,0.524,0.521,0.6,1.3,0.449,2.8,3.9,6.8,1.7,0.7,0.3,0.6,2.2,5.0,2025
Alondes Williams,SG,25,DET,1,0,4.0,2.0,2.0,1.0,1.0,1.0,1.0,1.0,1.0,1.0,1.25,0.0,0.0,,0.0,0.0,0.0,1.0,0.0,0.0,0.0,0.0,5.0,2025
Marvin Bagley III,C,25,WAS,19,1,8.7,2.0,3.7,0.535,0.1,0.5,0.2,1.9,3.2,0.59,0.549,0.8,1.2,0.652,1.4,1.5,2.9,0.4,0.4,0.3,0.6,0.6,4.9,2025
Gabe Vincent,PG,28,LAL,39,5,20.0,1.9,4.7,0.397,1.0,3.1,0.32,0.9,1.6,0.548,0.503,0.1,0.3,0.5,0.3,1.0,1.3,1.3,0.7,0.2,0.6,2.1,4.9,2025
Malaki Branham,SG,21,SAS,28,0,10.0,1.7,4.0,0.429,0.7,1.9,0.385,1.0,2.1,0.467,0.518,0.6,0.7,0.85,0.1,1.0,1.1,0.9,0.3,0.1,1.0,0.6,4.8,2025
Zach Collins,C,27,SAS,34,4,12.1,1.7,3.8,0.457,0.4,1.3,0.289,1.4,2.5,0.548,0.508,0.9,1.0,0.886,1.1,1.8,2.9,1.5,0.4,0.4,0.7,2.0,4.8,2025
Taylor Hendricks,PF,21,UTA,3,3,25.0,1.3,6.0,0.222,1.0,4.0,0.25,0.3,2.0,0.167,0.306,1.0,1.3,0.75,1.7,3.3,5.0,0.7,1.7,1.3,0.7,2.7,4.7,2025
David Roddy,PF,23,ATL,26,3,13.2,1.7,3.5,0.478,0.6,1.7,0.372,1.1,1.9,0.571,0.565,0.7,0.8,0.818,0.4,2.3,2.7,1.2,0.5,0.3,0.8,0.7,4.7,2025
Ryan Rollins,PG,22,MIL,28,5,11.9,1.8,3.8,0.481,0.6,1.6,0.364,1.3,2.2,0.565,0.557,0.5,0.6,0.813,0.3,1.3,1.6,1.1,0.8,0.4,0.9,1.4,4.7,2025
Tidjane Salaün,PF,19,CHO,34,8,18.4,1.6,5.0,0.318,0.9,3.1,0.28,0.7,1.9,0.381,0.406,0.6,0.9,0.677,1.0,3.1,4.1,1.1,0.6,0.2,0.9,1.3,4.7,2025
Oscar Tshiebwe,C,25,UTA,3,0,15.3,1.3,2.0,0.667,0.0,0.0,,1.3,2.0,0.667,0.667,2.0,2.7,0.75,1.7,5.0,6.7,0.0,1.3,0.0,0.3,3.3,4.7,2025
Mo Bamba,C,26,LAC,28,2,12.6,1.7,3.7,0.466,0.5,1.8,0.3,1.2,1.9,0.623,0.539,0.6,0.9,0.68,0.9,3.4,4.3,0.6,0.3,1.0,0.7,1.8,4.6,2025
Jett Howard,SF,21,ORL,39,0,11.1,1.6,4.3,0.386,1.0,3.0,0.322,0.7,1.2,0.542,0.5,0.4,0.5,0.833,0.4,0.8,1.3,0.6,0.1,0.2,0.5,1.0,4.6,2025
Patty Mills,PG,36,UTA,16,0,15.4,1.6,4.6,0.351,1.1,3.4,0.309,0.6,1.2,0.474,0.466,0.3,0.3,1.0,0.2,1.0,1.2,1.3,0.8,0.2,1.0,0.8,4.6,2025
Charles Bassey,C,24,SAS,30,0,10.4,1.9,3.3,0.586,0.0,0.0,,1.9,3.3,0.586,0.586,0.6,1.0,0.621,1.6,2.7,4.3,0.4,0.4,0.9,0.7,1.4,4.5,2025
Trentyn Flowers,SF,19,LAC,2,0,8.0,2.0,4.5,0.444,0.0,1.0,0.0,2.0,3.5,0.571,0.444,0.5,0.5,1.0,0.5,1.5,2.0,0.0,0.0,0.0,0.5,1.5,4.5,2025
Dariq Whitehead,SF,20,BRK,8,0,7.0,1.5,3.1,0.48,1.4,2.6,0.524,0.1,0.5,0.25,0.7,0.1,0.4,0.333,0.1,0.5,0.6,0.1,0.4,0.1,0.4,0.3,4.5,2025
KJ Simpson,PG,22,CHO,13,0,14.8,1.5,5.2,0.294,0.5,2.5,0.188,1.1,2.8,0.389,0.338,0.9,1.3,0.706,1.1,0.9,2.0,1.6,0.8,0.2,1.0,1.4,4.5,2025
Sandro Mamukelashvili,PF,25,SAS,27,0,8.7,1.6,2.9,0.538,0.7,1.7,0.404,0.9,1.1,0.742,0.66,0.6,0.9,0.708,0.7,1.9,2.6,0.6,0.3,0.3,0.4,0.7,4.4,2025
Kris Murray,SF,24,POR,38,0,14.3,1.8,3.9,0.463,0.4,1.6,0.267,1.4,2.3,0.596,0.517,0.4,0.8,0.467,1.1,1.2,2.3,0.9,0.4,0.2,0.6,0.9,4.4,2025
Julian Phillips,SF,21,CHI,46,3,13.2,1.6,3.6,0.439,0.6,1.9,0.322,1.0,1.7,0.571,0.524,0.6,0.9,0.707,0.9,1.1,2.0,0.4,0.4,0.2,0.4,1.3,4.4,2025
Antonio Reeves,SG,24,NOP,18,0,9.2,1.7,4.2,0.408,0.6,2.1,0.289,1.1,2.1,0.526,0.48,0.4,0.4,0.875,0.3,0.7,1.0,0.6,0.3,0.0,0.3,0.4,4.4,2025
Pat Connaughton,SG,32,MIL,24,0,15.1,1.5,3.8,0.402,0.7,2.3,0.296,0.9,1.6,0.553,0.489,0.5,0.7,0.75,0.5,2.3,2.9,1.8,0.2,0.3,0.5,1.1,4.3,2025
Reggie Jackson,PG,34,PHI,25,1,11.9,1.6,4.0,0.396,0.8,2.4,0.356,0.8,1.7,0.452,0.5,0.2,0.3,0.857,0.2,1.0,1.2,1.5,0.5,0.1,0.7,1.1,4.3,2025
Paul Reed,C,25,DET,25,0,9.8,1.6,2.9,0.569,0.2,0.6,0.313,1.4,2.2,0.643,0.604,0.8,1.0,0.84,0.6,1.4,2.1,1.0,1.1,0.6,0.5,1.5,4.3,2025
Daniel Theis,C,32,NOP,37,9,16.3,1.6,3.4,0.484,0.2,1.0,0.25,1.4,2.4,0.578,0.52,0.8,0.9,0.829,1.2,3.1,4.3,1.6,0.5,0.5,0.7,1.8,4.3,2025
Jeff Green,PF,38,HOU,13,2,10.5,1.5,2.8,0.541,0.6,1.8,0.348,0.9,1.1,0.857,0.649,0.5,0.7,0.778,0.2,1.2,1.4,0.2,0.2,0.1,0.2,1.1,4.2,2025
Pelle Larsson,SG,23,MIA,29,1,12.9,1.5,3.3,0.463,0.5,1.6,0.311,1.0,1.7,0.6,0.537,0.7,1.1,0.645,0.4,1.0,1.5,0.9,0.4,0.1,0.4,1.8,4.2,2025
Gary Harris,SG,30,ORL,20,2,16.3,1.5,3.6,0.403,1.0,2.7,0.352,0.5,0.9,0.556,0.535,0.2,0.4,0.5,0.5,0.8,1.3,0.5,0.7,0.3,0.5,0.7,4.1,2025
Tre Jones,PG,25,SAS,25,0,16.3,1.5,3.3,0.463,0.3,0.9,0.304,1.2,2.4,0.525,0.506,0.8,1.0,0.76,0.6,1.6,2.2,3.7,0.6,0.2,0.8,1.2,4.1,2025
Kyle Lowry,PG,38,PHI,26,12,19.7,1.2,3.5,0.352,0.8,2.6,0.324,0.4,0.9,0.435,0.473,0.8,1.0,0.8,0.3,1.5,1.8,2.7,1.0,0.3,0.7,1.9,4.1,2025
Elijah Harkless,SG,24,UTA,8,0,16.1,1.4,4.1,0.333,0.9,3.1,0.28,0.5,1.0,0.5,0.439,0.4,0.8,0.5,1.1,1.1,2.3,0.9,1.3,0.1,0.4,2.1,4.0,2025
Mason Plumlee,C,34,PHO,44,18,17.5,1.5,2.6,0.583,0.0,0.0,0.0,1.5,2.6,0.593,0.583,0.9,1.5,0.625,1.7,4.7,6.3,1.8,0.5,0.7,0.9,2.2,4.0,2025
Josh Richardson,SG,31,MIA,8,0,18.8,1.4,4.8,0.289,0.8,2.8,0.273,0.6,2.0,0.313,0.368,0.5,0.5,1.0,0.8,0.8,1.5,1.5,1.0,0.1,1.0,2.1,4.0,2025
Gui Santos,PF,22,GSW,21,1,12.0,1.5,3.1,0.477,0.9,2.0,0.442,0.6,1.0,0.545,0.623,0.2,0.4,0.5,1.0,1.4,2.4,1.1,0.4,0.1,0.5,1.3,4.0,2025
Cam Spencer,SG,24,MEM,10,0,12.1,1.3,3.0,0.433,0.5,1.6,0.313,0.8,1.4,0.571,0.517,0.9,0.9,1.0,0.5,1.2,1.7,1.6,0.3,0.1,0.5,1.1,4.0,2025
Devin Carter,PG,22,SAC,11,0,10.7,1.3,4.0,0.318,0.5,2.0,0.273,0.7,2.0,0.364,0.386,0.8,1.1,0.75,0.5,2.2,2.6,1.3,0.1,0.3,0.5,1.2,3.9,2025
Jeff Dowtin,PG,27,PHI,21,0,11.6,1.5,3.7,0.416,0.3,1.0,0.273,1.2,2.6,0.473,0.455,0.6,0.8,0.706,0.1,1.1,1.3,1.6,0.4,0.2,0.1,0.6,3.9,2025
Aaron Holiday,PG,28,HOU,32,0,10.9,1.3,3.2,0.417,0.8,2.1,0.379,0.6,1.2,0.486,0.539,0.5,0.5,0.882,0.2,0.8,1.0,1.1,0.4,0.1,0.5,0.9,3.9,2025
Cody Williams,SG,20,UTA,26,12,21.0,1.4,4.6,0.3,0.6,2.4,0.238,0.8,2.2,0.368,0.363,0.5,0.8,0.636,0.5,1.7,2.2,1.3,0.5,0.4,0.8,1.9,3.9,2025
Jamal Cain,SF,25,NOP,18,0,12.8,1.4,3.2,0.439,0.5,1.7,0.3,0.9,1.5,0.593,0.518,0.6,0.9,0.625,0.9,1.7,2.6,0.6,0.5,0.4,0.4,1.2,3.8,2025
Moussa Diabaté,C,23,CHO,36,4,17.9,1.6,2.7,0.602,0.0,0.0,,1.6,2.7,0.602,0.602,0.5,1.0,0.543,2.9,3.6,6.5,0.7,0.7,0.8,0.9,1.6,3.8,2025
Oso Ighodaro,PF,22,PHO,36,2,16.1,1.6,2.9,0.558,0.0,0.1,0.0,1.6,2.8,0.569,0.558,0.5,1.0,0.543,0.9,2.6,3.5,1.0,0.5,0.4,0.6,1.7,3.8,2025
Dario Šarić,C,30,DEN,13,4,14.8,1.4,4.2,0.333,0.5,1.8,0.25,0.9,2.3,0.4,0.389,0.5,0.8,0.7,1.0,2.6,3.6,1.7,0.5,0.1,1.1,1.4,3.8,2025
Andre Jackson Jr.,SG,23,MIL,42,34,17.3,1.5,3.3,0.457,0.5,1.4,0.367,1.0,1.9,0.526,0.536,0.2,0.3,0.538,1.1,2.1,3.2,1.4,0.6,0.3,1.0,2.2,3.7,2025
Doug McDermott,SF,33,SAC,29,3,8.6,1.2,2.9,0.429,1.1,2.4,0.437,0.2,0.4,0.385,0.613,0.1,0.2,0.6,0.1,0.5,0.6,0.1,0.1,0.0,0.2,0.9,3.7,2025
Dalen Terry,SG,22,CHI,44,1,12.8,1.3,3.0,0.45,0.4,1.1,0.367,0.9,1.9,0.5,0.519,0.6,0.9,0.7,0.6,1.0,1.5,1.1,0.5,0.2,0.8,1.5,3.7,2025
Jae'Sean Tate,SF,29,HOU,26,1,10.5,1.3,2.9,0.467,0.2,0.7,0.316,1.1,2.2,0.518,0.507,0.7,1.0,0.63,0.9,1.3,2.2,0.7,0.5,0.1,0.5,1.9,3.6,2025
Jevon Carter,PG,29,CHI,20,0,6.4,1.2,2.8,0.436,0.8,1.9,0.421,0.4,0.9,0.471,0.582,0.3,0.4,0.75,0.1,0.7,0.8,0.7,0.3,0.1,0.4,0.3,3.5,2025
Isaac Jones,PF,24,SAC,22,0,8.0,1.5,2.2,0.653,0.0,0.2,0.25,1.4,2.0,0.689,0.663,0.5,0.9,0.55,0.5,1.0,1.4,0.2,0.1,0.4,0.5,1.0,3.5,2025
DeAndre Jordan,C,36,DEN,33,2,11.8,1.6,2.4,0.65,0.0,0.0,,1.6,2.4,0.65,0.65,0.4,0.9,0.414,1.3,3.3,4.6,0.8,0.3,0.5,0.7,1.3,3.5,2025
Wendell Moore Jr.,SG,23,DET,18,1,11.9,1.3,2.8,0.46,0.2,0.8,0.286,1.1,2.0,0.528,0.5,0.7,0.8,0.929,0.6,1.8,2.4,1.2,0.6,0.2,0.5,0.8,3.5,2025
JT Thor,PF,22,CLE,8,0,4.9,1.1,1.8,0.643,0.4,0.6,0.6,0.8,1.1,0.667,0.75,0.9,1.0,0.875,0.4,0.4,0.8,0.1,0.3,0.4,0.8,0.8,3.5,2025
Ousmane Dieng,C,21,OKC,25,0,10.4,1.2,3.3,0.373,0.5,1.9,0.271,0.7,1.4,0.514,0.452,0.4,0.6,0.688,0.4,1.8,2.2,0.7,0.5,0.2,0.2,0.9,3.4,2025
Bruno Fernando,C,26,TOR,17,2,8.6,1.5,2.9,0.531,0.0,0.0,,1.5,2.9,0.531,0.531,0.4,0.5,0.75,1.2,1.8,3.0,1.1,0.2,0.5,0.8,1.6,3.4,2025
Richaun Holmes,PF,31,WAS,8,0,8.8,1.4,2.8,0.5,0.0,0.1,0.0,1.4,2.6,0.524,0.5,0.6,0.9,0.714,1.1,2.0,3.1,0.1,0.0,0.5,0.4,0.6,3.4,2025
Micah Potter,C,26,UTA,17,7,17.6,1.2,3.4,0.351,0.8,2.6,0.311,0.4,0.7,0.5,0.474,0.2,0.2,1.0,1.1,2.8,3.9,0.8,0.3,0.4,0.7,1.1,3.4,2025
Olivier-Maxence Prosper,PF,22,DAL,36,1,8.9,1.2,2.7,0.429,0.3,0.9,0.273,0.9,1.8,0.508,0.474,0.8,1.3,0.604,0.9,1.4,2.2,0.6,0.3,0.1,0.3,0.4,3.4,2025
Cam Reddish,SF,25,LAL,30,8,18.1,1.2,2.8,0.424,0.4,1.5,0.289,0.8,1.3,0.575,0.5,0.4,0.7,0.619,0.5,1.5,2.0,0.7,1.0,0.3,0.4,1.4,3.3,2025
Landry Shamet,SG,27,NYK,16,0,11.2,1.3,3.1,0.429,0.6,1.8,0.31,0.8,1.3,0.6,0.52,0.1,0.1,0.5,0.2,0.6,0.8,0.4,0.4,0.1,0.4,0.7,3.3,2025
Jabari Walker,SF,22,POR,33,1,10.6,1.4,3.0,0.45,0.2,0.9,0.161,1.2,2.1,0.58,0.475,0.4,0.7,0.583,0.9,2.1,2.9,0.5,0.6,0.2,0.5,1.3,3.3,2025
Steven Adams,C,31,HOU,31,0,11.4,1.2,2.0,0.603,0.0,0.0,,1.2,2.0,0.603,0.603,0.7,1.7,0.415,2.4,2.4,4.8,1.1,0.3,0.4,1.0,1.0,3.2,2025
Bol Bol,PF,25,PHO,11,0,6.0,1.2,2.2,0.542,0.3,1.0,0.273,0.9,1.2,0.769,0.604,0.5,0.9,0.6,0.5,1.2,1.6,0.1,0.0,0.2,0.5,0.2,3.2,2025
Moses Brown,C,25,IND,9,0,5.1,1.4,2.2,0.65,0.0,0.0,,1.4,2.2,0.65,0.65,0.3,0.6,0.6,0.4,1.0,1.4,0.0,0.2,0.1,0.7,0.7,3.2,2025
Reed Sheppard,PG,20,HOU,32,0,11.3,1.2,3.9,0.315,0.6,2.3,0.274,0.6,1.6,0.373,0.395,0.2,0.2,0.833,0.3,0.9,1.3,1.2,0.5,0.3,0.6,0.9,3.2,2025
Nicolas Batum,PF,36,LAC,45,1,17.4,1.0,2.8,0.368,0.8,2.3,0.359,0.2,0.5,0.409,0.516,0.2,0.3,0.769,0.6,2.2,2.8,1.4,0.6,0.4,0.4,1.6,3.1,2025
Kobe Brown,PF,25,LAC,16,0,9.0,1.3,2.8,0.477,0.3,0.9,0.267,1.1,1.8,0.586,0.523,0.2,0.3,0.75,0.8,1.9,2.7,0.8,0.2,0.1,0.3,0.9,3.1,2025
Branden Carlson,C,25,OKC,15,0,6.3,1.1,2.3,0.457,0.8,1.9,0.429,0.3,0.5,0.571,0.629,0.1,0.1,1.0,0.3,1.3,1.7,0.4,0.1,0.4,0.1,0.7,3.1,2025
Damion Lee,SG,32,PHO,10,0,6.0,0.9,2.9,0.31,0.3,1.5,0.2,0.6,1.4,0.429,0.362,1.0,1.0,1.0,0.1,0.8,0.9,0.7,0.2,0.0,0.5,0.2,3.1,2025
Blake Wesley,SG,21,SAS,29,0,9.6,1.2,2.8,0.45,0.1,0.7,0.19,1.1,2.0,0.542,0.475,0.5,0.7,0.714,0.2,0.6,0.8,1.9,0.3,0.1,0.9,0.5,3.1,2025
David Duke Jr.,SG,25,SAS,1,0,8.0,1.0,4.0,0.25,0.0,1.0,0.0,1.0,3.0,0.333,0.25,1.0,2.0,0.5,0.0,0.0,0.0,2.0,0.0,0.0,0.0,1.0,3.0,2025
Maxi Kleber,PF,33,DAL,34,4,18.7,1.1,2.8,0.385,0.4,1.4,0.265,0.7,1.4,0.511,0.453,0.5,0.6,0.762,0.7,2.1,2.8,1.3,0.3,0.5,0.7,1.9,3.0,2025
Jock Landale,C,29,HOU,21,0,9.2,1.1,2.8,0.414,0.1,0.3,0.429,1.0,2.4,0.412,0.44,0.6,1.0,0.591,1.2,1.5,2.7,0.7,0.2,0.3,0.5,0.7,3.0,2025
Taze Moore,SG,26,POR,2,0,10.0,1.0,5.0,0.2,0.5,2.0,0.25,0.5,3.0,0.167,0.25,0.5,1.0,0.5,2.0,2.0,4.0,0.5,1.0,0.0,1.0,0.0,3.0,2025
Pete Nance,C,24,PHI,5,0,12.0,1.0,3.0,0.333,0.8,2.4,0.333,0.2,0.6,0.333,0.467,0.2,0.4,0.5,0.4,1.4,1.8,0.6,0.2,0.0,0.0,2.0,3.0,2025
Jarred Vanderbilt,PF,25,LAL,2,0,13.0,1.5,3.5,0.429,0.0,1.0,0.0,1.5,2.5,0.6,0.429,0.0,0.0,,1.5,1.5,3.0,1.5,2.5,0.0,0.5,2.0,3.0,2025
Jae Crowder,PF,34,SAC,7,2,13.1,0.9,2.4,0.353,0.4,1.7,0.25,0.4,0.7,0.6,0.441,0.7,0.9,0.833,0.9,1.6,2.4,0.6,0.4,0.0,0.6,1.4,2.9,2025
Luka Garza,C,26,MIN,14,0,4.3,1.2,2.1,0.567,0.1,0.6,0.25,1.1,1.6,0.682,0.6,0.4,0.6,0.625,0.4,0.7,1.1,0.1,0.1,0.0,0.4,0.6,2.9,2025
Caleb Houstan,SF,22,ORL,33,5,12.3,0.9,2.9,0.313,0.8,2.5,0.31,0.1,0.4,0.333,0.448,0.3,0.3,1.0,0.4,0.6,1.0,0.5,0.2,0.1,0.2,1.1,2.9,2025
Drew Peterson,PF,25,BOS,12,0,9.3,0.9,1.9,0.478,0.6,1.5,0.389,0.3,0.4,0.8,0.63,0.5,0.6,0.857,0.4,1.6,2.0,0.7,0.2,0.2,0.4,0.9,2.9,2025
Adem Bona,C,21,PHI,29,1,10.2,1.0,1.4,0.725,0.0,0.0,,1.0,1.4,0.725,0.725,0.8,1.1,0.667,0.9,1.8,2.6,0.3,0.2,0.7,0.6,1.8,2.8,2025
John Konchar,SG,28,MEM,25,3,14.2,1.0,2.6,0.406,0.6,1.8,0.311,0.5,0.8,0.632,0.516,0.2,0.2,0.833,1.0,3.0,4.0,1.0,0.6,0.4,0.4,1.0,2.8,2025
A.J. Lawson,SG,24,TOR,4,0,3.8,1.0,2.0,0.5,0.5,1.3,0.4,0.5,0.8,0.667,0.625,0.3,0.8,0.333,0.3,0.5,0.8,0.0,0.0,0.0,0.0,0.0,2.8,2025
Josh Minott,SF,22,MIN,28,0,7.4,1.1,2.3,0.477,0.3,1.0,0.25,0.9,1.3,0.649,0.531,0.3,0.4,0.818,0.3,0.9,1.1,0.5,0.4,0.3,0.3,0.9,2.8,2025
Jalen Pickett,SG,25,DEN,18,0,7.6,1.1,2.1,0.5,0.5,1.2,0.429,0.6,0.9,0.588,0.618,0.1,0.1,1.0,0.2,0.7,0.8,1.6,0.1,0.1,0.4,0.6,2.7,2025
Rayan Rupert,SG,20,POR,31,0,8.5,1.0,2.4,0.413,0.3,1.1,0.294,0.7,1.3,0.512,0.48,0.4,0.5,0.75,0.6,0.6,1.2,0.5,0.3,0.1,0.5,0.6,2.7,2025
Jeenathan Williams,SG,25,HOU,6,0,3.5,1.2,1.5,0.778,0.3,0.7,0.5,0.8,0.8,1.0,0.889,0.0,0.0,,0.0,0.5,0.5,0.2,0.3,0.2,0.2,0.2,2.7,2025
Brandon Williams,PG,25,DAL,16,0,6.4,0.9,2.3,0.389,0.2,0.8,0.25,0.7,1.5,0.458,0.431,0.6,0.8,0.769,0.1,0.6,0.8,1.1,0.1,0.0,0.6,0.4,2.6,2025
Delon Wright,PG,32,MIL,25,2,15.3,0.9,3.1,0.282,0.5,1.8,0.261,0.4,1.3,0.313,0.359,0.3,0.6,0.571,0.6,1.1,1.7,1.8,0.8,0.3,0.6,0.7,2.6,2025
Johnny Davis,SG,22,WAS,31,0,7.1,1.0,2.4,0.432,0.2,0.9,0.259,0.8,1.5,0.532,0.48,0.2,0.4,0.636,0.3,0.8,1.1,0.3,0.5,0.2,0.2,0.6,2.5,2025
Collin Gillespie,PG,25,PHO,2,0,3.0,1.0,1.5,0.667,0.5,0.5,1.0,0.5,1.0,0.5,0.833,0.0,0.0,,0.5,0.0,0.5,0.0,0.0,0.0,0.0,0.5,2.5,2025
E.J. Liddell,PF,24,CHI,6,0,5.2,0.8,1.3,0.625,0.5,1.0,0.5,0.3,0.3,1.0,0.813,0.3,0.3,1.0,0.2,0.7,0.8,0.5,0.2,0.2,0.3,1.3,2.5,2025
Reece Beekman,PG,23,2TM,17,0,10.1,0.9,2.5,0.381,0.2,0.9,0.25,0.7,1.5,0.462,0.429,0.2,0.4,0.571,0.3,0.5,0.8,1.4,0.5,0.1,0.5,0.4,2.4,2025
Reece Beekman,PG,23,GSW,2,0,2.0,0.5,0.5,1.0,0.0,0.0,,0.5,0.5,1.0,1.0,0.0,0.0,,0.5,0.0,0.5,0.5,0.5,0.0,0.0,0.5,1.0,2025
Reece Beekman,PG,23,BRK,15,0,11.1,1.0,2.7,0.366,0.3,1.1,0.25,0.7,1.7,0.44,0.415,0.3,0.5,0.571,0.3,0.5,0.8,1.5,0.5,0.1,0.5,0.4,2.5,2025
Taj Gibson,C,39,CHO,18,9,10.2,1.0,2.1,0.486,0.1,0.1,0.5,0.9,1.9,0.486,0.5,0.4,0.6,0.7,1.2,1.7,2.8,0.5,0.3,0.3,0.6,1.4,2.4,2025
Duop Reath,C,28,POR,21,0,5.9,0.8,2.1,0.386,0.5,1.5,0.313,0.3,0.6,0.583,0.5,0.3,0.4,0.75,0.4,0.6,1.0,0.3,0.0,0.1,0.2,0.7,2.4,2025
Pat Spencer,PG,28,GSW,18,0,6.8,0.9,2.5,0.378,0.1,0.6,0.2,0.8,1.9,0.429,0.4,0.4,0.6,0.7,0.5,0.8,1.3,1.5,0.4,0.1,0.6,0.4,2.4,2025
Orlando Robinson,C,24,2TM,12,0,7.5,0.8,2.2,0.385,0.1,0.5,0.167,0.8,1.7,0.45,0.404,0.5,0.8,0.667,0.4,1.3,1.8,0.8,0.3,0.3,0.7,1.2,2.3,2025
Orlando Robinson,C,24,SAC,9,0,6.3,0.8,1.9,0.412,0.1,0.6,0.2,0.7,1.3,0.5,0.441,0.4,0.8,0.571,0.3,1.2,1.6,1.0,0.3,0.1,0.4,0.7,2.1,2025
Orlando Robinson,C,24,TOR,3,0,11.0,1.0,3.0,0.333,0.0,0.3,0.0,1.0,2.7,0.375,0.333,0.7,0.7,1.0,0.7,1.7,2.3,0.3,0.3,0.7,1.3,2.7,2.7,2025
Vlatko Čančar,PF,27,DEN,4,0,8.5,1.0,1.8,0.571,0.3,0.5,0.5,0.8,1.3,0.6,0.643,0.0,0.0,,0.8,1.3,2.0,0.0,0.0,0.3,0.5,1.0,2.3,2025
Chris Duarte,SG,27,CHI,16,0,4.6,0.8,1.6,0.48,0.4,0.9,0.429,0.4,0.7,0.545,0.6,0.4,0.5,0.75,0.3,0.9,1.3,0.5,0.0,0.0,0.1,0.4,2.3,2025
Craig Porter Jr.,PG,24,CLE,27,0,7.6,0.9,1.6,0.581,0.3,0.5,0.538,0.7,1.1,0.6,0.663,0.2,0.3,0.75,0.1,0.7,0.8,1.0,0.2,0.3,0.5,0.4,2.3,2025
Lester Quiñones,SG,24,PHI,4,0,4.3,1.0,2.0,0.5,0.0,0.8,0.0,1.0,1.3,0.8,0.5,0.3,0.3,1.0,0.8,0.3,1.0,0.3,0.0,0.0,1.0,0.0,2.3,2025
Tyler Smith,PF,20,MIL,13,0,3.3,0.9,1.4,0.667,0.4,0.8,0.5,0.5,0.6,0.875,0.806,0.1,0.2,0.5,0.2,0.8,0.9,0.1,0.0,0.2,0.2,0.4,2.3,2025
Jaylon Tyson,SG,22,CLE,28,1,7.8,0.9,2.1,0.414,0.3,0.9,0.346,0.5,1.1,0.469,0.491,0.3,0.4,0.667,0.6,1.3,1.8,0.7,0.3,0.0,0.4,0.9,2.3,2025
Trey Jemison,C,25,2TM,18,0,10.2,0.8,1.8,0.469,0.0,0.0,,0.8,1.8,0.469,0.469,0.5,1.3,0.391,1.3,1.5,2.8,0.6,0.4,0.4,0.6,1.7,2.2,2025
Trey Jemison,C,25,NOP,16,0,10.4,0.9,2.0,0.469,0.0,0.0,,0.9,2.0,0.469,0.469,0.5,1.3,0.381,1.4,1.4,2.8,0.6,0.4,0.4,0.6,1.7,2.4,2025
Trey Jemison,C,25,LAL,2,0,8.5,0.0,0.0,,0.0,0.0,,0.0,0.0,,,0.5,1.0,0.5,0.5,2.5,3.0,0.0,0.0,1.0,0.5,2.0,0.5,2025
Patrick Baldwin Jr.,SF,22,WAS,20,0,4.4,0.8,1.5,0.533,0.5,0.9,0.556,0.3,0.6,0.5,0.7,0.1,0.2,0.5,0.3,0.6,0.9,0.1,0.1,0.1,0.2,0.3,2.2,2025
Kai Jones,C,24,LAC,27,0,7.6,0.9,1.3,0.714,0.0,0.1,0.0,0.9,1.2,0.758,0.714,0.3,0.4,0.75,0.6,1.1,1.7,0.4,0.2,0.5,0.4,0.9,2.2,2025
Johnny Furphy,SG,20,IND,30,0,7.5,0.7,1.8,0.382,0.4,1.1,0.344,0.3,0.8,0.435,0.482,0.3,0.3,1.0,0.4,0.7,1.1,0.3,0.3,0.2,0.3,0.7,2.1,2025
Dillon Jones,SF,23,OKC,28,0,8.6,0.8,2.3,0.338,0.3,1.3,0.189,0.5,1.0,0.536,0.392,0.3,0.5,0.571,0.6,1.2,1.9,0.8,0.2,0.1,0.4,1.0,2.1,2025
Hunter Tyson,PF,24,DEN,33,0,7.5,0.7,1.8,0.373,0.3,1.1,0.306,0.3,0.7,0.478,0.466,0.4,0.6,0.737,0.3,1.2,1.5,0.4,0.2,0.1,0.3,0.9,2.1,2025
MarJon Beauchamp,SF,24,MIL,22,0,4.2,0.7,1.7,0.395,0.2,0.8,0.278,0.5,0.9,0.5,0.461,0.4,0.5,0.8,0.2,0.9,1.0,0.1,0.1,0.0,0.5,0.2,2.0,2025
Mouhamed Gueye,PF,22,ATL,3,0,10.0,1.0,4.3,0.231,0.0,2.7,0.0,1.0,1.7,0.6,0.231,0.0,0.0,,0.3,1.7,2.0,0.3,0.7,0.0,0.3,0.3,2.0,2025
Jalen Hood-Schifino,SG,21,LAL,2,0,7.0,0.5,0.5,1.0,0.0,0.0,,0.5,0.5,1.0,1.0,1.0,1.0,1.0,0.5,0.0,0.5,0.5,0.0,0.5,0.5,1.5,2.0,2025
Cory Joseph,PG,33,ORL,29,0,7.6,0.7,2.0,0.356,0.5,1.4,0.35,0.2,0.7,0.368,0.475,0.1,0.1,0.5,0.2,0.6,0.8,0.8,0.4,0.1,0.4,0.6,2.0,2025
Tyler Kolek,PG,23,NYK,27,0,5.3,0.7,1.7,0.383,0.4,1.0,0.393,0.3,0.7,0.368,0.5,0.2,0.2,1.0,0.1,0.5,0.6,0.8,0.3,0.0,0.3,0.4,2.0,2025
Christian Koloko,C,24,LAL,24,0,8.6,0.9,1.5,0.595,0.0,0.1,0.0,0.9,1.5,0.629,0.595,0.1,0.2,0.75,1.0,1.2,2.3,0.3,0.3,0.3,0.3,1.1,2.0,2025
Alex Reese,PF,25,OKC,1,0,2.0,1.0,1.0,1.0,0.0,0.0,,1.0,1.0,1.0,1.0,0.0,0.0,,1.0,0.0,1.0,0.0,0.0,0.0,0.0,0.0,2.0,2025
Adama Sanogo,C,22,CHI,4,0,5.3,1.0,1.8,0.571,0.0,0.0,,1.0,1.8,0.571,0.571,0.0,0.0,,1.3,0.3,1.5,0.3,0.0,0.0,0.3,0.3,2.0,2025
TyTy Washington Jr.,PG,23,PHO,4,0,7.0,0.8,1.5,0.5,0.5,0.8,0.667,0.3,0.8,0.333,0.667,0.0,0.0,,0.0,0.3,0.3,1.0,0.5,0.0,0.3,0.0,2.0,2025
Anthony Gill,PF,32,WAS,32,0,5.9,0.7,1.3,0.5,0.2,0.4,0.357,0.5,0.9,0.571,0.56,0.5,0.8,0.577,0.2,0.7,0.9,0.2,0.2,0.0,0.2,0.5,1.9,2025
Jordan McLaughlin,PG,28,SAC,27,0,6.8,0.6,1.6,0.381,0.4,0.9,0.4,0.2,0.6,0.353,0.5,0.4,0.5,0.714,0.1,0.6,0.8,0.9,0.4,0.0,0.4,0.5,1.9,2025
Tristan Thompson,C,33,CLE,22,0,7.9,0.8,1.8,0.462,0.0,0.1,0.0,0.8,1.7,0.486,0.462,0.2,0.9,0.25,0.7,2.0,2.8,0.6,0.0,0.3,0.5,1.0,1.9,2025
Dominick Barlow,SF,21,ATL,10,0,5.9,0.6,1.6,0.375,0.2,0.5,0.4,0.4,1.1,0.364,0.438,0.4,0.6,0.667,0.1,0.8,0.9,0.3,0.3,0.0,0.0,0.5,1.8,2025
Enrique Freeman,PF,24,IND,18,1,7.5,0.7,1.4,0.48,0.1,0.3,0.167,0.6,1.1,0.579,0.5,0.4,0.7,0.538,0.3,0.7,1.0,0.4,0.1,0.1,0.3,0.9,1.8,2025
Jericho Sims,C,26,NYK,36,5,11.6,0.8,1.3,0.609,0.0,0.0,,0.8,1.3,0.609,0.609,0.2,0.4,0.615,1.4,2.2,3.6,0.6,0.2,0.3,0.6,1.3,1.8,2025
Jaden Springer,SG,22,BOS,23,0,5.0,0.5,1.3,0.379,0.2,0.7,0.333,0.3,0.6,0.429,0.466,0.6,0.8,0.737,0.2,0.7,0.8,0.3,0.4,0.0,0.1,0.7,1.8,2025
Markieff Morris,PF,35,DAL,7,0,5.9,0.7,3.1,0.227,0.3,1.9,0.154,0.4,1.3,0.333,0.273,0.0,0.0,,0.0,1.1,1.1,0.6,0.1,0.1,0.3,0.3,1.7,2025
Tristan Vukcevic,C,21,WAS,7,0,3.1,0.7,2.0,0.357,0.1,1.1,0.125,0.6,0.9,0.667,0.393,0.1,0.1,1.0,0.3,0.3,0.6,0.1,0.0,0.1,0.0,0.4,1.7,2025
Ariel Hukporti,C,22,NYK,16,0,7.5,0.6,1.0,0.625,0.0,0.0,,0.6,1.0,0.625,0.625,0.4,0.6,0.6,0.3,1.4,1.8,0.4,0.0,0.7,0.7,0.9,1.6,2025
Keshad Johnson,SF,23,MIA,10,0,5.7,0.7,1.2,0.583,0.1,0.4,0.25,0.6,0.8,0.75,0.625,0.1,0.6,0.167,0.2,1.5,1.7,0.3,0.1,0.4,0.3,0.5,1.6,2025
Matt Ryan,SF,27,NYK,16,0,3.8,0.6,1.6,0.346,0.3,1.0,0.313,0.3,0.6,0.4,0.442,0.1,0.1,1.0,0.0,0.4,0.4,0.1,0.1,0.0,0.2,0.1,1.6,2025
Jordan Walsh,PF,20,BOS,33,1,8.0,0.6,1.6,0.352,0.3,1.2,0.289,0.2,0.5,0.5,0.454,0.2,0.3,0.5,0.4,0.7,1.1,0.3,0.2,0.2,0.2,0.5,1.6,2025
Pacome Dadiet,SG,19,NYK,13,0,6.4,0.5,1.5,0.3,0.4,1.1,0.357,0.1,0.5,0.167,0.425,0.2,0.2,1.0,0.0,1.0,1.0,0.4,0.1,0.2,0.1,0.4,1.5,2025
Jazian Gortman,PG,21,DAL,16,0,3.6,0.6,1.4,0.391,0.3,0.7,0.364,0.3,0.8,0.417,0.478,0.1,0.3,0.5,0.1,0.3,0.3,0.4,0.1,0.1,0.3,0.6,1.5,2025
Alex Len,C,31,SAC,34,3,7.4,0.6,1.2,0.537,0.0,0.2,0.167,0.6,1.0,0.6,0.549,0.2,0.4,0.538,0.7,1.1,1.9,0.9,0.2,0.5,0.3,1.0,1.5,2025
Quincy Olivari,PG,23,LAL,2,0,5.0,0.5,2.5,0.2,0.5,2.5,0.2,0.0,0.0,,0.3,0.0,0.0,,0.0,0.0,0.0,0.5,0.0,0.0,0.5,0.0,1.5,2025
Dwight Powell,C,33,DAL,33,0,7.6,0.4,0.5,0.778,0.0,0.0,1.0,0.4,0.5,0.765,0.806,0.6,0.9,0.667,0.7,1.1,1.8,0.7,0.4,0.5,0.2,1.2,1.5,2025
Terrence Shannon Jr.,SG,24,MIN,10,0,4.5,0.7,1.3,0.538,0.1,0.3,0.333,0.6,1.0,0.6,0.577,0.0,0.0,,0.0,0.2,0.2,0.5,0.2,0.1,0.3,0.1,1.5,2025
Armel Traoré,SF,22,LAL,8,0,7.6,0.6,2.3,0.278,0.0,0.9,0.0,0.6,1.4,0.455,0.278,0.3,0.9,0.286,0.1,1.6,1.8,0.1,0.5,0.3,0.3,0.8,1.5,2025
Colin Castleton,C,24,MEM,10,0,4.6,0.2,1.0,0.2,0.0,0.4,0.0,0.2,0.6,0.333,0.2,1.0,1.1,0.909,0.3,0.6,0.9,0.0,0.1,0.1,0.1,0.6,1.4,2025
Sidy Cissoko,SF,20,SAS,16,0,3.2,0.6,1.1,0.5,0.2,0.4,0.429,0.4,0.7,0.545,0.583,0.1,0.4,0.167,0.2,0.4,0.6,0.4,0.1,0.0,0.1,0.4,1.4,2025
Yuki Kawamura,PG,23,MEM,17,0,3.3,0.5,1.2,0.381,0.2,0.9,0.267,0.2,0.4,0.667,0.476,0.2,0.4,0.667,0.0,0.4,0.4,0.7,0.1,0.0,0.2,0.4,1.4,2025
Alex Ducas,SG,24,OKC,9,0,3.4,0.4,1.0,0.444,0.4,0.9,0.5,0.0,0.1,0.0,0.667,0.0,0.0,,0.1,0.2,0.3,0.1,0.1,0.0,0.1,0.3,1.3,2025
Jack McVeigh,PF,28,HOU,6,0,3.5,0.5,1.8,0.273,0.3,1.3,0.25,0.2,0.5,0.333,0.364,0.0,0.0,,0.2,0.5,0.7,0.2,0.0,0.2,0.2,0.2,1.3,2025
Luke Travers,SG,23,CLE,6,0,7.0,0.5,1.2,0.429,0.0,0.5,0.0,0.5,0.7,0.75,0.429,0.3,0.3,1.0,0.2,0.8,1.0,0.8,0.2,0.2,0.3,0.5,1.3,2025
Cam Christie,SG,19,LAC,5,0,5.8,0.4,1.8,0.222,0.2,1.2,0.167,0.2,0.6,0.333,0.278,0.2,0.4,0.5,0.2,1.0,1.2,0.4,0.4,0.0,0.4,0.4,1.2,2025
JD Davison,PG,22,BOS,5,0,4.8,0.4,1.0,0.4,0.2,0.6,0.333,0.2,0.4,0.5,0.5,0.2,0.4,0.5,0.0,0.4,0.4,0.2,0.2,0.0,1.2,0.2,1.2,2025
AJ Johnson,SG,20,MIL,6,0,2.5,0.5,1.2,0.429,0.2,0.2,1.0,0.3,1.0,0.333,0.5,0.0,0.0,,0.0,0.5,0.5,0.5,0.0,0.0,0.3,0.0,1.2,2025
Bryce McGowens,SG,22,POR,5,0,2.6,0.6,1.0,0.6,0.0,0.4,0.0,0.6,0.6,1.0,0.6,0.0,0.2,0.0,0.2,0.0,0.2,0.2,0.0,0.0,0.4,0.2,1.2,2025
Zeke Nnaji,PF,24,DEN,27,0,4.5,0.6,1.3,0.441,0.0,0.4,0.0,0.6,0.9,0.625,0.441,0.1,0.3,0.429,0.1,0.4,0.5,0.1,0.0,0.1,0.1,0.3,1.2,2025
PJ Hall,C,22,DEN,10,0,2.8,0.4,0.8,0.5,0.0,0.3,0.0,0.4,0.5,0.8,0.5,0.3,0.4,0.75,0.2,0.8,1.0,0.2,0.0,0.1,0.1,0.3,1.1,2025
Colby Jones,SG,22,SAC,23,0,5.3,0.5,1.1,0.44,0.2,0.4,0.444,0.3,0.7,0.438,0.52,0.0,0.0,,0.3,0.6,0.9,0.2,0.2,0.3,0.3,0.6,1.1,2025
Adam Flagler,SG,25,OKC,15,0,3.7,0.3,2.1,0.161,0.3,1.9,0.179,0.0,0.2,0.0,0.242,0.0,0.0,,0.2,0.3,0.5,0.0,0.1,0.1,0.1,0.4,1.0,2025
James Johnson,PF,37,IND,8,0,3.4,0.5,0.9,0.571,0.0,0.1,0.0,0.5,0.8,0.667,0.571,0.0,0.1,0.0,0.0,0.5,0.5,0.4,0.0,0.3,0.5,0.5,1.0,2025
Kylor Kelley,,27,DAL,1,0,8.0,0.0,0.0,,0.0,0.0,,0.0,0.0,,,1.0,2.0,0.5,1.0,3.0,4.0,0.0,0.0,0.0,0.0,2.0,1.0,2025
Jaylen Martin,SF,21,BRK,3,0,1.7,0.3,0.7,0.5,0.3,0.3,1.0,0.0,0.3,0.0,0.75,0.0,0.0,,0.0,0.0,0.0,0.0,0.0,0.0,0.0,0.3,1.0,2025
Karlo Matković,PF,23,NOP,10,0,7.3,0.5,1.2,0.417,0.0,0.2,0.0,0.5,1.0,0.5,0.417,0.0,0.0,,0.8,1.2,2.0,0.3,0.5,0.7,0.7,1.2,1.0,2025
Jared Rhoden,SG,25,CHO,4,0,3.0,0.5,2.0,0.25,0.0,0.5,0.0,0.5,1.5,0.333,0.25,0.0,0.0,,0.5,0.5,1.0,0.5,0.3,0.0,0.3,0.3,1.0,2025
Baylor Scheierman,SG,24,BOS,9,0,6.0,0.3,1.9,0.176,0.1,1.3,0.083,0.2,0.6,0.4,0.206,0.2,0.2,1.0,0.2,1.2,1.4,0.4,0.2,0.0,0.0,0.7,1.0,2025
Xavier Tillman Sr.,C,26,BOS,26,1,7.3,0.4,1.5,0.25,0.2,0.8,0.182,0.2,0.7,0.333,0.3,0.0,0.1,0.5,0.3,1.1,1.4,0.3,0.3,0.2,0.3,0.5,1.0,2025
Maxwell Lewis,SF,22,2TM,8,0,3.8,0.4,0.9,0.429,0.1,0.1,1.0,0.3,0.8,0.333,0.5,0.0,0.0,,0.3,0.0,0.3,0.3,0.1,0.0,0.3,0.1,0.9,2025
Maxwell Lewis,SF,22,LAL,7,0,4.1,0.3,0.9,0.333,0.0,0.0,,0.3,0.9,0.333,0.333,0.0,0.0,,0.3,0.0,0.3,0.3,0.1,0.0,0.3,0.1,0.6,2025
Maxwell Lewis,SF,22,BRK,1,0,1.0,1.0,1.0,1.0,1.0,1.0,1.0,0.0,0.0,,1.5,0.0,0.0,,0.0,0.0,0.0,0.0,0.0,0.0,0.0,0.0,3.0,2025
Trey Alexander,SG,21,DEN,14,0,4.4,0.3,1.3,0.222,0.1,0.6,0.222,0.1,0.6,0.222,0.278,0.1,0.1,1.0,0.0,0.3,0.3,0.4,0.1,0.1,0.1,0.4,0.9,2025
Josh Christopher,SG,23,MIA,7,0,3.7,0.3,0.9,0.333,0.0,0.1,0.0,0.3,0.7,0.4,0.333,0.3,0.6,0.5,0.0,0.4,0.4,0.6,0.0,0.1,0.6,0.1,0.9,2025
Kessler Edwards,SF,24,DAL,17,1,6.4,0.4,1.1,0.333,0.1,0.6,0.2,0.2,0.5,0.5,0.389,0.1,0.1,1.0,0.1,1.1,1.2,0.4,0.2,0.1,0.1,0.6,0.9,2025
D.J. Carton,SG,24,TOR,4,0,8.3,0.3,1.8,0.143,0.0,0.8,0.0,0.3,1.0,0.25,0.143,0.3,0.3,1.0,0.0,1.0,1.0,0.8,0.5,0.0,1.0,0.3,0.8,2025
Ulrich Chomche,PF,19,TOR,6,0,3.3,0.3,0.5,0.667,0.0,0.0,,0.3,0.5,0.667,0.667,0.2,0.3,0.5,0.5,0.5,1.0,0.3,0.0,0.0,0.3,0.7,0.8,2025
PJ Dozier,SG,28,MIN,9,0,3.9,0.2,0.3,0.667,0.2,0.3,0.667,0.0,0.0,,1.0,0.1,0.7,0.167,0.1,0.4,0.6,0.6,0.1,0.0,0.1,0.3,0.8,2025
Isaiah Crawford,SF,23,SAC,3,0,3.0,0.3,0.7,0.5,0.0,0.0,,0.3,0.7,0.5,0.5,0.0,0.0,,0.0,1.0,1.0,0.0,0.0,0.0,0.0,0.3,0.7,2025
Liam Robbins,C,25,MIL,13,0,4.4,0.2,0.6,0.25,0.0,0.2,0.0,0.2,0.5,0.333,0.25,0.4,0.8,0.5,0.5,0.4,0.9,0.2,0.2,0.2,0.5,0.7,0.7,2025
Cui Yongxi,SG,21,BRK,5,0,2.0,0.2,1.4,0.143,0.0,0.6,0.0,0.2,0.8,0.25,0.143,0.2,0.4,0.5,0.0,0.4,0.4,0.0,0.0,0.0,0.0,0.0,0.6,2025
Garrett Temple,SG,38,TOR,15,0,3.9,0.1,0.7,0.182,0.1,0.3,0.2,0.1,0.4,0.167,0.227,0.3,0.3,1.0,0.1,0.5,0.7,0.6,0.3,0.1,0.3,0.5,0.6,2025
Tristen Newton,SG,23,2TM,6,0,1.5,0.2,1.0,0.167,0.0,0.5,0.0,0.2,0.5,0.333,0.167,0.2,0.2,1.0,0.0,0.2,0.2,0.2,0.0,0.0,0.2,0.5,0.5,2025
Tristen Newton,SG,23,IND,5,0,1.6,0.2,1.2,0.167,0.0,0.6,0.0,0.2,0.6,0.333,0.167,0.2,0.2,1.0,0.0,0.0,0.0,0.2,0.0,0.0,0.2,0.4,0.6,2025
Tristen Newton,SG,23,MIN,1,0,1.0,0.0,0.0,,0.0,0.0,,0.0,0.0,,,0.0,0.0,,0.0,1.0,1.0,0.0,0.0,0.0,0.0,1.0,0.0,2025
Jaylen Clark,SG,23,MIN,4,0,2.5,0.0,0.8,0.0,0.0,0.3,0.0,0.0,0.5,0.0,0.0,0.5,0.5,1.0,0.3,0.0,0.3,0.0,0.0,0.0,0.0,0.3,0.5,2025
Leonard Miller,SF,21,MIN,4,0,2.5,0.0,1.0,0.0,0.0,0.8,0.0,0.0,0.3,0.0,0.0,0.5,0.5,1.0,0.3,1.0,1.3,0.0,0.3,0.0,0.3,0.3,0.5,2025
Stanley Umude,SG,25,MIL,17,0,3.1,0.2,0.9,0.188,0.1,0.5,0.25,0.1,0.5,0.125,0.25,0.0,0.1,0.0,0.2,0.6,0.8,0.1,0.1,0.1,0.1,0.4,0.5,2025
RayJ Dennis,PG,23,IND,5,0,2.0,0.0,0.4,0.0,0.0,0.4,0.0,0.0,0.0,,0.0,0.4,0.4,1.0,0.2,0.4,0.6,0.2,0.4,0.0,0.4,0.2,0.4,2025
Spencer Jones,SF,23,DEN,5,0,2.6,0.2,0.8,0.25,0.0,0.6,0.0,0.2,0.2,1.0,0.25,0.0,0.0,,0.0,0.6,0.6,0.0,0.4,0.0,0.2,0.2,0.4,2025
Jacob Toppin,SF,24,NYK,15,0,3.1,0.2,0.6,0.333,0.0,0.1,0.0,0.2,0.5,0.429,0.333,0.0,0.0,,0.1,0.5,0.7,0.3,0.1,0.0,0.1,0.2,0.4,2025
Jalen Bridges,SF,23,PHO,4,0,4.3,0.0,0.8,0.0,0.0,0.8,0.0,0.0,0.0,,0.0,0.3,0.5,0.5,0.0,0.8,0.8,0.0,0.0,0.0,0.5,0.0,0.3,2025
Bronny James,SG,20,LAL,12,0,2.4,0.1,0.9,0.091,0.0,0.3,0.0,0.1,0.6,0.143,0.091,0.2,0.2,1.0,0.1,0.1,0.2,0.3,0.2,0.1,0.0,0.2,0.3,2025
Malevy Leons,SF,25,OKC,6,0,3.5,0.0,0.3,0.0,0.0,0.2,0.0,0.0,0.2,0.0,0.0,0.3,0.7,0.5,0.2,0.3,0.5,0.2,0.0,0.0,0.2,0.7,0.3,2025
Chris Livingston,SF,21,MIL,8,0,2.6,0.1,0.3,0.5,0.0,0.0,,0.1,0.3,0.5,0.5,0.0,0.0,,0.3,1.0,1.3,0.1,0.1,0.0,0.4,0.3,0.3,2025
Daishen Nix,PG,22,MIN,3,0,4.3,0.0,0.3,0.0,0.0,0.3,0.0,0.0,0.0,,0.0,0.3,0.7,0.5,0.0,1.3,1.3,1.0,0.0,0.0,1.3,0.3,0.3,2025
Emoni Bates,SF,21,CLE,2,0,4.5,0.0,1.5,0.0,0.0,1.0,0.0,0.0,0.5,0.0,0.0,0.0,0.0,,0.0,0.0,0.0,0.5,0.0,0.0,0.0,0.0,0.0,2025
Joe Ingles,SF,37,MIN,9,0,3.9,0.0,0.3,0.0,0.0,0.2,0.0,0.0,0.1,0.0,0.0,0.0,0.0,,0.2,0.0,0.2,1.0,0.0,0.0,0.1,0.7,0.0,2025
Harrison Ingram,SF,22,SAS,1,0,7.0,0.0,1.0,0.0,0.0,0.0,,0.0,1.0,0.0,0.0,0.0,0.0,,0.0,1.0,1.0,0.0,0.0,0.0,0.0,1.0,0.0,2025
Daniss Jenkins,PG,23,DET,3,0,2.7,0.0,1.3,0.0,0.0,1.3,0.0,0.0,0.0,,0.0,0.0,0.0,,0.0,0.0,0.0,0.0,0.0,0.0,0.3,0.3,0.0,2025
Mason Jones,SG,26,SAC,3,0,4.3,0.0,0.7,0.0,0.0,0.7,0.0,0.0,0.0,,0.0,0.0,0.0,,0.3,1.0,1.3,2.3,0.0,0.0,0.0,0.3,0.0,2025
Bobi Klintman,SF,21,DET,1,0,4.0,0.0,0.0,,0.0,0.0,,0.0,0.0,,,0.0,0.0,,0.0,2.0,2.0,0.0,0.0,0.0,0.0,2.0,0.0,2025
Mac McClung,SG,26,ORL,1,0,5.0,0.0,0.0,,0.0,0.0,,0.0,0.0,,,0.0,0.0,,0.0,1.0,1.0,2.0,0.0,0.0,0.0,0.0,0.0,2025
Justin Minaya,SF,25,POR,6,0,3.0,0.0,0.2,0.0,0.0,0.0,,0.0,0.2,0.0,0.0,0.0,0.0,,0.3,0.2,0.5,0.3,0.2,0.0,0.0,0.5,0.0,2025
Riley Minix,SF,24,SAS,1,0,7.0,0.0,1.0,0.0,0.0,1.0,0.0,0.0,0.0,,0.0,0.0,0.0,,0.0,2.0,2.0,0.0,0.0,0.0,0.0,0.0,0.0,2025
Cole Swider,SF,25,DET,2,0,6.5,0.0,2.5,0.0,0.0,2.5,0.0,0.0,0.0,,0.0,0.0,0.0,,0.0,1.0,1.0,0.5,0.0,0.0,0.0,0.5,0.0,2025
